
  .   ____          _            __ _ _
 /\\ / ___'_ __ _ _(_)_ __  __ _ \ \ \ \
( ( )\___ | '_ | '_| | '_ \/ _` | \ \ \ \
 \\/  ___)| |_)| | | | | || (_| |  ) ) ) )
  '  |____| .__|_| |_|_| |_\__, | / / / /
 =========|_|==============|___/=/_/_/_/
 :: Spring Boot ::               (v3.2.10)

2026-09-24T13:56:26.796+08:00  INFO 21984 --- [           main] com.guxian.sales.SalesApplication        : Starting SalesApplication using Java 17.0.17 with PID 21984 (D:\Java\guxian\guxian-erp-parent\guxian-sales\target\guxian-sales-0.0.1-SNAPSHOT.jar started by 卢超 in D:\Java\guxian\guxian-erp-parent)
2026-09-24T13:56:26.801+08:00  INFO 21984 --- [           main] com.guxian.sales.SalesApplication        : No active profile set, falling back to 1 default profile: "default"
2026-09-24T13:56:28.380+08:00  INFO 21984 --- [           main] .s.d.r.c.RepositoryConfigurationDelegate : Multiple Spring Data modules found, entering strict repository configuration mode
2026-09-24T13:56:28.420+08:00  INFO 21984 --- [           main] .s.d.r.c.RepositoryConfigurationDelegate : Bootstrapping Spring Data Redis repositories in DEFAULT mode.
2026-09-24T13:56:28.484+08:00  INFO 21984 --- [           main] .s.d.r.c.RepositoryConfigurationDelegate : Finished Spring Data repository scanning in 28 ms. Found 0 Redis repository interfaces.
2026-09-24T13:56:29.736+08:00  INFO 21984 --- [           main] o.s.b.w.embedded.tomcat.TomcatWebServer  : Tomcat initialized with port 8083 (http)
2026-09-24T13:56:29.784+08:00  INFO 21984 --- [           main] o.apache.catalina.core.StandardService   : Starting service [Tomcat]
2026-09-24T13:56:29.784+08:00  INFO 21984 --- [           main] o.apache.catalina.core.StandardEngine    : Starting Servlet engine: [Apache Tomcat/10.1.30]
2026-09-24T13:56:29.852+08:00  INFO 21984 --- [           main] o.a.c.c.C.[Tomcat].[localhost].[/]       : Initializing Spring embedded WebApplicationContext
2026-09-24T13:56:29.854+08:00  INFO 21984 --- [           main] w.s.c.ServletWebServerApplicationContext : Root WebApplicationContext: initialization completed in 2986 ms
Logging initialized using 'class org.apache.ibatis.logging.stdout.StdOutImpl' adapter.
Get /192.168.100.199 network interface 
Get network interface info: name:wlan1 (Realtek 8822CE Wireless LAN 802.11ac PCI-E NIC)
Initialization Sequence datacenterId:23 workerId:21
 _ _   |_  _ _|_. ___ _ |    _ 
| | |\/|_)(_| | |_\  |_)||_|_\ 
     /               |         
                        3.5.7 
2026-09-24T13:56:31.247+08:00  WARN 21984 --- [           main] .s.s.UserDetailsServiceAutoConfiguration : 

Using generated security password: cb8f4f15-5962-4a9f-aa47-fd82888dd883

This generated password is for development use only. Your security configuration must be updated before running your application in production.

2026-09-24T13:56:31.669+08:00  INFO 21984 --- [           main] o.s.s.web.DefaultSecurityFilterChain     : Will secure any request with [org.springframework.security.web.session.DisableEncodeUrlFilter@54387873, org.springframework.security.web.context.request.async.WebAsyncManagerIntegrationFilter@3a80c534, org.springframework.security.web.context.SecurityContextHolderFilter@31880efa, org.springframework.security.web.header.HeaderWriterFilter@4ac19bc6, org.springframework.web.filter.CorsFilter@fd5689d, org.springframework.security.web.authentication.logout.LogoutFilter@5c41b8d8, org.springframework.security.web.savedrequest.RequestCacheAwareFilter@2cadcff6, org.springframework.security.web.servletapi.SecurityContextHolderAwareRequestFilter@31533eb1, org.springframework.security.web.authentication.AnonymousAuthenticationFilter@36e3321e, org.springframework.security.web.session.SessionManagementFilter@356fa0d1, org.springframework.security.web.access.ExceptionTranslationFilter@72f24a84, org.springframework.security.web.access.intercept.AuthorizationFilter@1ff542a3]
2026-09-24T13:56:32.637+08:00  INFO 21984 --- [           main] o.s.b.w.embedded.tomcat.TomcatWebServer  : Tomcat started on port 8083 (http) with context path ''
2026-09-24T13:56:32.653+08:00  INFO 21984 --- [           main] com.guxian.sales.SalesApplication        : Started SalesApplication in 6.39 seconds (process running for 6.969)
2026-09-24T13:56:32.946+08:00  INFO 21984 --- [0.0-8083-exec-3] o.a.c.c.C.[Tomcat].[localhost].[/]       : Initializing Spring DispatcherServlet 'dispatcherServlet'
2026-09-24T13:56:32.947+08:00  INFO 21984 --- [0.0-8083-exec-3] o.s.web.servlet.DispatcherServlet        : Initializing Servlet 'dispatcherServlet'
2026-09-24T13:56:32.948+08:00  INFO 21984 --- [0.0-8083-exec-3] o.s.web.servlet.DispatcherServlet        : Completed initialization in 1 ms
2026-09-24T13:56:32.990+08:00 ERROR 21984 --- [0.0-8083-exec-3] c.g.exception.GlobalExceptionHandler     : 【业务异常】code:401, msg:登录已失效，请重新登录

com.guxian.exception.BusinessException: 登录已失效，请重新登录
	at com.guxian.interceptor.JwtAuthInterceptor.preHandle(JwtAuthInterceptor.java:34) ~[guxian-common-security-0.0.1-SNAPSHOT.jar!/:na]
	at org.springframework.web.servlet.HandlerExecutionChain.applyPreHandle(HandlerExecutionChain.java:146) ~[spring-webmvc-6.1.13.jar!/:6.1.13]
	at org.springframework.web.servlet.DispatcherServlet.doDispatch(DispatcherServlet.java:1084) ~[spring-webmvc-6.1.13.jar!/:6.1.13]
	at org.springframework.web.servlet.DispatcherServlet.doService(DispatcherServlet.java:979) ~[spring-webmvc-6.1.13.jar!/:6.1.13]
	at org.springframework.web.servlet.FrameworkServlet.processRequest(FrameworkServlet.java:1014) ~[spring-webmvc-6.1.13.jar!/:6.1.13]
	at org.springframework.web.servlet.FrameworkServlet.doGet(FrameworkServlet.java:903) ~[spring-webmvc-6.1.13.jar!/:6.1.13]
	at jakarta.servlet.http.HttpServlet.service(HttpServlet.java:564) ~[tomcat-embed-core-10.1.30.jar!/:na]
	at org.springframework.web.servlet.FrameworkServlet.service(FrameworkServlet.java:885) ~[spring-webmvc-6.1.13.jar!/:6.1.13]
	at jakarta.servlet.http.HttpServlet.service(HttpServlet.java:658) ~[tomcat-embed-core-10.1.30.jar!/:na]
	at org.apache.catalina.core.ApplicationFilterChain.internalDoFilter(ApplicationFilterChain.java:195) ~[tomcat-embed-core-10.1.30.jar!/:na]
	at org.apache.catalina.core.ApplicationFilterChain.doFilter(ApplicationFilterChain.java:140) ~[tomcat-embed-core-10.1.30.jar!/:na]
	at org.apache.tomcat.websocket.server.WsFilter.doFilter(WsFilter.java:51) ~[tomcat-embed-websocket-10.1.30.jar!/:na]
	at org.apache.catalina.core.ApplicationFilterChain.internalDoFilter(ApplicationFilterChain.java:164) ~[tomcat-embed-core-10.1.30.jar!/:na]
	at org.apache.catalina.core.ApplicationFilterChain.doFilter(ApplicationFilterChain.java:140) ~[tomcat-embed-core-10.1.30.jar!/:na]
	at org.springframework.web.filter.CompositeFilter$VirtualFilterChain.doFilter(CompositeFilter.java:108) ~[spring-web-6.1.13.jar!/:6.1.13]
	at org.springframework.security.web.FilterChainProxy.lambda$doFilterInternal$3(FilterChainProxy.java:231) ~[spring-security-web-6.2.6.jar!/:6.2.6]
	at org.springframework.security.web.FilterChainProxy$VirtualFilterChain.doFilter(FilterChainProxy.java:365) ~[spring-security-web-6.2.6.jar!/:6.2.6]
	at org.springframework.security.web.access.intercept.AuthorizationFilter.doFilter(AuthorizationFilter.java:100) ~[spring-security-web-6.2.6.jar!/:6.2.6]
	at org.springframework.security.web.FilterChainProxy$VirtualFilterChain.doFilter(FilterChainProxy.java:374) ~[spring-security-web-6.2.6.jar!/:6.2.6]
	at org.springframework.security.web.access.ExceptionTranslationFilter.doFilter(ExceptionTranslationFilter.java:126) ~[spring-security-web-6.2.6.jar!/:6.2.6]
	at org.springframework.security.web.access.ExceptionTranslationFilter.doFilter(ExceptionTranslationFilter.java:120) ~[spring-security-web-6.2.6.jar!/:6.2.6]
	at org.springframework.security.web.FilterChainProxy$VirtualFilterChain.doFilter(FilterChainProxy.java:374) ~[spring-security-web-6.2.6.jar!/:6.2.6]
	at org.springframework.security.web.session.SessionManagementFilter.doFilter(SessionManagementFilter.java:131) ~[spring-security-web-6.2.6.jar!/:6.2.6]
	at org.springframework.security.web.session.SessionManagementFilter.doFilter(SessionManagementFilter.java:85) ~[spring-security-web-6.2.6.jar!/:6.2.6]
	at org.springframework.security.web.FilterChainProxy$VirtualFilterChain.doFilter(FilterChainProxy.java:374) ~[spring-security-web-6.2.6.jar!/:6.2.6]
	at org.springframework.security.web.authentication.AnonymousAuthenticationFilter.doFilter(AnonymousAuthenticationFilter.java:100) ~[spring-security-web-6.2.6.jar!/:6.2.6]
	at org.springframework.security.web.FilterChainProxy$VirtualFilterChain.doFilter(FilterChainProxy.java:374) ~[spring-security-web-6.2.6.jar!/:6.2.6]
	at org.springframework.security.web.servletapi.SecurityContextHolderAwareRequestFilter.doFilter(SecurityContextHolderAwareRequestFilter.java:179) ~[spring-security-web-6.2.6.jar!/:6.2.6]
	at org.springframework.security.web.FilterChainProxy$VirtualFilterChain.doFilter(FilterChainProxy.java:374) ~[spring-security-web-6.2.6.jar!/:6.2.6]
	at org.springframework.security.web.savedrequest.RequestCacheAwareFilter.doFilter(RequestCacheAwareFilter.java:63) ~[spring-security-web-6.2.6.jar!/:6.2.6]
	at org.springframework.security.web.FilterChainProxy$VirtualFilterChain.doFilter(FilterChainProxy.java:374) ~[spring-security-web-6.2.6.jar!/:6.2.6]
	at org.springframework.security.web.authentication.logout.LogoutFilter.doFilter(LogoutFilter.java:107) ~[spring-security-web-6.2.6.jar!/:6.2.6]
	at org.springframework.security.web.authentication.logout.LogoutFilter.doFilter(LogoutFilter.java:93) ~[spring-security-web-6.2.6.jar!/:6.2.6]
	at org.springframework.security.web.FilterChainProxy$VirtualFilterChain.doFilter(FilterChainProxy.java:374) ~[spring-security-web-6.2.6.jar!/:6.2.6]
	at org.springframework.web.filter.CorsFilter.doFilterInternal(CorsFilter.java:91) ~[spring-web-6.1.13.jar!/:6.1.13]
	at org.springframework.web.filter.OncePerRequestFilter.doFilter(OncePerRequestFilter.java:116) ~[spring-web-6.1.13.jar!/:6.1.13]
	at org.springframework.security.web.FilterChainProxy$VirtualFilterChain.doFilter(FilterChainProxy.java:374) ~[spring-security-web-6.2.6.jar!/:6.2.6]
	at org.springframework.security.web.header.HeaderWriterFilter.doHeadersAfter(HeaderWriterFilter.java:90) ~[spring-security-web-6.2.6.jar!/:6.2.6]
	at org.springframework.security.web.header.HeaderWriterFilter.doFilterInternal(HeaderWriterFilter.java:75) ~[spring-security-web-6.2.6.jar!/:6.2.6]
	at org.springframework.web.filter.OncePerRequestFilter.doFilter(OncePerRequestFilter.java:116) ~[spring-web-6.1.13.jar!/:6.1.13]
	at org.springframework.security.web.FilterChainProxy$VirtualFilterChain.doFilter(FilterChainProxy.java:374) ~[spring-security-web-6.2.6.jar!/:6.2.6]
	at org.springframework.security.web.context.SecurityContextHolderFilter.doFilter(SecurityContextHolderFilter.java:82) ~[spring-security-web-6.2.6.jar!/:6.2.6]
	at org.springframework.security.web.context.SecurityContextHolderFilter.doFilter(SecurityContextHolderFilter.java:69) ~[spring-security-web-6.2.6.jar!/:6.2.6]
	at org.springframework.security.web.FilterChainProxy$VirtualFilterChain.doFilter(FilterChainProxy.java:374) ~[spring-security-web-6.2.6.jar!/:6.2.6]
	at org.springframework.security.web.context.request.async.WebAsyncManagerIntegrationFilter.doFilterInternal(WebAsyncManagerIntegrationFilter.java:62) ~[spring-security-web-6.2.6.jar!/:6.2.6]
	at org.springframework.web.filter.OncePerRequestFilter.doFilter(OncePerRequestFilter.java:116) ~[spring-web-6.1.13.jar!/:6.1.13]
	at org.springframework.security.web.FilterChainProxy$VirtualFilterChain.doFilter(FilterChainProxy.java:374) ~[spring-security-web-6.2.6.jar!/:6.2.6]
	at org.springframework.security.web.session.DisableEncodeUrlFilter.doFilterInternal(DisableEncodeUrlFilter.java:42) ~[spring-security-web-6.2.6.jar!/:6.2.6]
	at org.springframework.web.filter.OncePerRequestFilter.doFilter(OncePerRequestFilter.java:116) ~[spring-web-6.1.13.jar!/:6.1.13]
	at org.springframework.security.web.FilterChainProxy$VirtualFilterChain.doFilter(FilterChainProxy.java:374) ~[spring-security-web-6.2.6.jar!/:6.2.6]
	at org.springframework.security.web.FilterChainProxy.doFilterInternal(FilterChainProxy.java:233) ~[spring-security-web-6.2.6.jar!/:6.2.6]
	at org.springframework.security.web.FilterChainProxy.doFilter(FilterChainProxy.java:191) ~[spring-security-web-6.2.6.jar!/:6.2.6]
	at org.springframework.web.filter.CompositeFilter$VirtualFilterChain.doFilter(CompositeFilter.java:113) ~[spring-web-6.1.13.jar!/:6.1.13]
	at org.springframework.web.servlet.handler.HandlerMappingIntrospector.lambda$createCacheFilter$3(HandlerMappingIntrospector.java:195) ~[spring-webmvc-6.1.13.jar!/:6.1.13]
	at org.springframework.web.filter.CompositeFilter$VirtualFilterChain.doFilter(CompositeFilter.java:113) ~[spring-web-6.1.13.jar!/:6.1.13]
	at org.springframework.web.filter.CompositeFilter.doFilter(CompositeFilter.java:74) ~[spring-web-6.1.13.jar!/:6.1.13]
	at org.springframework.security.config.annotation.web.configuration.WebMvcSecurityConfiguration$CompositeFilterChainProxy.doFilter(WebMvcSecurityConfiguration.java:230) ~[spring-security-config-6.2.6.jar!/:6.2.6]
	at org.springframework.web.filter.DelegatingFilterProxy.invokeDelegate(DelegatingFilterProxy.java:352) ~[spring-web-6.1.13.jar!/:6.1.13]
	at org.springframework.web.filter.DelegatingFilterProxy.doFilter(DelegatingFilterProxy.java:268) ~[spring-web-6.1.13.jar!/:6.1.13]
	at org.apache.catalina.core.ApplicationFilterChain.internalDoFilter(ApplicationFilterChain.java:164) ~[tomcat-embed-core-10.1.30.jar!/:na]
	at org.apache.catalina.core.ApplicationFilterChain.doFilter(ApplicationFilterChain.java:140) ~[tomcat-embed-core-10.1.30.jar!/:na]
	at org.springframework.web.filter.RequestContextFilter.doFilterInternal(RequestContextFilter.java:100) ~[spring-web-6.1.13.jar!/:6.1.13]
	at org.springframework.web.filter.OncePerRequestFilter.doFilter(OncePerRequestFilter.java:116) ~[spring-web-6.1.13.jar!/:6.1.13]
	at org.apache.catalina.core.ApplicationFilterChain.internalDoFilter(ApplicationFilterChain.java:164) ~[tomcat-embed-core-10.1.30.jar!/:na]
	at org.apache.catalina.core.ApplicationFilterChain.doFilter(ApplicationFilterChain.java:140) ~[tomcat-embed-core-10.1.30.jar!/:na]
	at org.springframework.web.filter.FormContentFilter.doFilterInternal(FormContentFilter.java:93) ~[spring-web-6.1.13.jar!/:6.1.13]
	at org.springframework.web.filter.OncePerRequestFilter.doFilter(OncePerRequestFilter.java:116) ~[spring-web-6.1.13.jar!/:6.1.13]
	at org.apache.catalina.core.ApplicationFilterChain.internalDoFilter(ApplicationFilterChain.java:164) ~[tomcat-embed-core-10.1.30.jar!/:na]
	at org.apache.catalina.core.ApplicationFilterChain.doFilter(ApplicationFilterChain.java:140) ~[tomcat-embed-core-10.1.30.jar!/:na]
	at org.springframework.web.filter.CharacterEncodingFilter.doFilterInternal(CharacterEncodingFilter.java:201) ~[spring-web-6.1.13.jar!/:6.1.13]
	at org.springframework.web.filter.OncePerRequestFilter.doFilter(OncePerRequestFilter.java:116) ~[spring-web-6.1.13.jar!/:6.1.13]
	at org.apache.catalina.core.ApplicationFilterChain.internalDoFilter(ApplicationFilterChain.java:164) ~[tomcat-embed-core-10.1.30.jar!/:na]
	at org.apache.catalina.core.ApplicationFilterChain.doFilter(ApplicationFilterChain.java:140) ~[tomcat-embed-core-10.1.30.jar!/:na]
	at org.apache.catalina.core.StandardWrapperValve.invoke(StandardWrapperValve.java:167) ~[tomcat-embed-core-10.1.30.jar!/:na]
	at org.apache.catalina.core.StandardContextValve.invoke(StandardContextValve.java:90) ~[tomcat-embed-core-10.1.30.jar!/:na]
	at org.apache.catalina.authenticator.AuthenticatorBase.invoke(AuthenticatorBase.java:483) ~[tomcat-embed-core-10.1.30.jar!/:na]
	at org.apache.catalina.core.StandardHostValve.invoke(StandardHostValve.java:115) ~[tomcat-embed-core-10.1.30.jar!/:na]
	at org.apache.catalina.valves.ErrorReportValve.invoke(ErrorReportValve.java:93) ~[tomcat-embed-core-10.1.30.jar!/:na]
	at org.apache.catalina.core.StandardEngineValve.invoke(StandardEngineValve.java:74) ~[tomcat-embed-core-10.1.30.jar!/:na]
	at org.apache.catalina.connector.CoyoteAdapter.service(CoyoteAdapter.java:344) ~[tomcat-embed-core-10.1.30.jar!/:na]
	at org.apache.coyote.http11.Http11Processor.service(Http11Processor.java:384) ~[tomcat-embed-core-10.1.30.jar!/:na]
	at org.apache.coyote.AbstractProcessorLight.process(AbstractProcessorLight.java:63) ~[tomcat-embed-core-10.1.30.jar!/:na]
	at org.apache.coyote.AbstractProtocol$ConnectionHandler.process(AbstractProtocol.java:905) ~[tomcat-embed-core-10.1.30.jar!/:na]
	at org.apache.tomcat.util.net.NioEndpoint$SocketProcessor.doRun(NioEndpoint.java:1741) ~[tomcat-embed-core-10.1.30.jar!/:na]
	at org.apache.tomcat.util.net.SocketProcessorBase.run(SocketProcessorBase.java:52) ~[tomcat-embed-core-10.1.30.jar!/:na]
	at org.apache.tomcat.util.threads.ThreadPoolExecutor.runWorker(ThreadPoolExecutor.java:1190) ~[tomcat-embed-core-10.1.30.jar!/:na]
	at org.apache.tomcat.util.threads.ThreadPoolExecutor$Worker.run(ThreadPoolExecutor.java:659) ~[tomcat-embed-core-10.1.30.jar!/:na]
	at org.apache.tomcat.util.threads.TaskThread$WrappingRunnable.run(TaskThread.java:63) ~[tomcat-embed-core-10.1.30.jar!/:na]
	at java.base/java.lang.Thread.run(Thread.java:840) ~[na:na]

Creating a new SqlSession
SqlSession [org.apache.ibatis.session.defaults.DefaultSqlSession@5c59e603] was not registered for synchronization because synchronization is not active
2026-09-24T13:59:25.477+08:00  INFO 21984 --- [0.0-8083-exec-1] com.zaxxer.hikari.HikariDataSource       : HikariPool-1 - Starting...
2026-09-24T13:59:26.028+08:00  INFO 21984 --- [0.0-8083-exec-1] com.zaxxer.hikari.pool.HikariPool        : HikariPool-1 - Added connection com.mysql.cj.jdbc.ConnectionImpl@537702e9
2026-09-24T13:59:26.034+08:00  INFO 21984 --- [0.0-8083-exec-1] com.zaxxer.hikari.HikariDataSource       : HikariPool-1 - Start completed.
JDBC Connection [HikariProxyConnection@686490592 wrapping com.mysql.cj.jdbc.ConnectionImpl@537702e9] will not be managed by Spring
==>  Preparing: SELECT COUNT(*) AS total FROM t_sales_order WHERE del_flag = 0
==> Parameters: 
<==    Columns: total
<==        Row: 4
<==      Total: 1
==>  Preparing: SELECT order_id,order_no,order_status,order_type,customer_id,customer_name,contact,phone,address,order_date,expect_date,total_area,projection_area,big_board_num,product_amount,craft_fee,urgent_fee,freight,discount_amount,total_amount,finance_status,paid_amount,receive_amount,unpaid_amount,profit_amount,gross_profit_rate,sub_order_count,receive_time,audit_by,audit_time,reject_reason,delivery_time,finish_time,cancel_reason,remark,brand,unit,install_type,designer,splitter,salesman,logistics,terminal_address,customer_source,create_by,create_time,update_by,update_time,del_flag FROM t_sales_order WHERE del_flag=0 ORDER BY order_id DESC LIMIT ?
==> Parameters: 20(Long)
<==    Columns: order_id, order_no, order_status, order_type, customer_id, customer_name, contact, phone, address, order_date, expect_date, total_area, projection_area, big_board_num, product_amount, craft_fee, urgent_fee, freight, discount_amount, total_amount, finance_status, paid_amount, receive_amount, unpaid_amount, profit_amount, gross_profit_rate, sub_order_count, receive_time, audit_by, audit_time, reject_reason, delivery_time, finish_time, cancel_reason, remark, brand, unit, install_type, designer, splitter, salesman, logistics, terminal_address, customer_source, create_by, create_time, update_by, update_time, del_flag
<==        Row: 9, SO20260922002, 2, 正常单, 25, 马科斯门窗, 登录二维码, 15986963265, null, 2026-09-22, 2026-09-30, 4800.0000, 0.0000, 0, 460800.00, 0.00, 0.00, 0.00, 0.00, 460800.00, 0, 0.00, 0.00, 460800.00, 0.00, 0.0000, 1, null, 1, 2026-09-22 23:58:32, null, null, null, null, , , 套, 客户安装, , , , 京东, 杭州, , 1, 2026-09-22 23:58:12, 1, 2026-09-22 23:59:03, 0
<==        Row: 8, SO20260922001, 5, 加急单, 21, 邓劲松, 登录二维码, 17378089633, null, 2026-09-22, 2026-09-30, 0.2500, 0.0000, 0, 53.76, 0.00, 0.00, 0.00, 0.00, 53.76, 2, 53.76, 53.76, 0.00, 0.00, 0.0000, 2, 2026-09-22 23:55:55, 1, 2026-09-22 23:39:26, null, 2026-09-22 23:53:52, 2026-09-22 23:53:52, null, 加急加急, 框中框, 套, 自行安装, 卢工, 卢工, 卢工, 顺丰, 杭州余杭区仓益绿苑, 抖音, 1, 2026-09-22 23:38:06, 1, 2026-09-22 23:55:55, 0
<==        Row: 7, SO20260919002, 5, 正常单, 22, 李桌, 登录二维码, 15898405119, null, 2026-09-19, 2026-09-26, 0.4320, 10.0000, 12, 10.20, 0.00, 0.00, 0.00, 0.00, 10.20, 0, 0.00, 0.00, 10.20, 0.00, 0.0000, 1, null, 2, 2026-09-19 11:18:03, null, 2026-09-22 23:41:40, 2026-09-24 13:48:24, null, 测试用, 框中款, 套, 自行安装, 卢工, 刘工, 卢工, 顺丰, 长沙, 抖音, 1, 2026-09-19 11:10:07, 1, 2026-09-24 13:48:24, 0
<==        Row: 6, SO20260919001, 5, 正常单, 1, 北辰辰玺, 张经理, 13800001111, null, 2026-09-19, 2026-09-30, 3.0540, 12.5000, 3, 583.27, 100.00, 0.00, 80.00, 50.00, 713.27, 3, 300.00, 300.00, 413.27, 180.00, 0.2524, 2, 2026-09-19 10:38:13, 2, 2026-09-19 10:38:12, null, 2026-09-19 10:38:19, 2026-09-19 10:38:19, null, 订单管理模块联调测试单，请勿删除, 固贤, 套, 客户安装, 李设计, 王拆单, 陈业务, 顺丰物流, 长沙市雨花区北辰三角洲 3 栋 1802, 老客户转介绍, 2, 2026-09-19 10:38:12, 2, 2026-09-19 10:38:19, 0
<==      Total: 4
Closing non transactional SqlSession [org.apache.ibatis.session.defaults.DefaultSqlSession@5c59e603]
Creating a new SqlSession
Creating a new SqlSession
Creating a new SqlSession
SqlSession [org.apache.ibatis.session.defaults.DefaultSqlSession@2e05da12] was not registered for synchronization because synchronization is not active
SqlSession [org.apache.ibatis.session.defaults.DefaultSqlSession@5d296d86] was not registered for synchronization because synchronization is not active
SqlSession [org.apache.ibatis.session.defaults.DefaultSqlSession@3f50835f] was not registered for synchronization because synchronization is not active
JDBC Connection [HikariProxyConnection@1561916005 wrapping com.mysql.cj.jdbc.ConnectionImpl@3018ec8] will not be managed by Spring
JDBC Connection [HikariProxyConnection@2127658187 wrapping com.mysql.cj.jdbc.ConnectionImpl@2d93ff50] will not be managed by Spring
JDBC Connection [HikariProxyConnection@609110316 wrapping com.mysql.cj.jdbc.ConnectionImpl@537702e9] will not be managed by Spring
==>  Preparing: SELECT id,dict_type,dict_name,status,del_flag,create_by,create_time,update_by,update_time FROM sys_dict_type WHERE del_flag=0 AND ((dict_type LIKE ? OR dict_type IN (?,?,?,?,?,?,?,?,?,?,?,?,?,?,?)) AND (status IS NULL OR status = ?))
==>  Preparing: SELECT order_id FROM t_sales_order WHERE del_flag=0 AND (order_date >= ? AND order_date <= ?)
==>  Preparing: SELECT order_id FROM t_sales_order WHERE del_flag=0 AND (order_date >= ? AND order_date <= ?)
==> Parameters: 2026-07-24(LocalDate), 2026-09-24(LocalDate)
==> Parameters: 2026-07-24(LocalDate), 2026-09-24(LocalDate)
==> Parameters: style%(String), color(String), net(String), material(String), handle(String), lock(String), handle_direction(String), add_rod(String), fixed_bottom(String), square_board(String), open_direction(String), order_type(String), install_type(String), customer_source(String), logistics(String), unit(String), 1(Integer)
<==    Columns: id, dict_type, dict_name, status, del_flag, create_by, create_time, update_by, update_time
<==    Columns: order_id
<==    Columns: order_id
<==        Row: 1, style_kuangzhongkuang, 框中框系列, 1, 0, 1, 2026-09-13 21:32:28, 1, 2026-09-13 21:32:28
<==        Row: 6
<==        Row: 6
<==        Row: 7
<==        Row: 7
<==        Row: 2, style_sanjie, 三节系列, 1, 0, 1, 2026-09-13 21:32:28, 1, 2026-09-13 21:32:28
<==        Row: 8
<==        Row: 8
<==        Row: 9
<==        Row: 9
<==        Row: 3, style_8k_sanjie, 8K三节系列, 1, 0, 1, 2026-09-13 21:32:28, 1, 2026-09-13 21:32:28
<==      Total: 4
<==      Total: 4
Closing non transactional SqlSession [org.apache.ibatis.session.defaults.DefaultSqlSession@5d296d86]
<==        Row: 4, style_8k_chaixi, 8K拆洗系列, 1, 0, 1, 2026-09-13 21:32:28, 1, 2026-09-13 21:32:28
Closing non transactional SqlSession [org.apache.ibatis.session.defaults.DefaultSqlSession@3f50835f]
<==      Total: 4
Creating a new SqlSession
Closing non transactional SqlSession [org.apache.ibatis.session.defaults.DefaultSqlSession@2e05da12]
Creating a new SqlSession
SqlSession [org.apache.ibatis.session.defaults.DefaultSqlSession@2ee8643b] was not registered for synchronization because synchronization is not active
SqlSession [org.apache.ibatis.session.defaults.DefaultSqlSession@2302600b] was not registered for synchronization because synchronization is not active
Creating a new SqlSession
SqlSession [org.apache.ibatis.session.defaults.DefaultSqlSession@211bc1c3] was not registered for synchronization because synchronization is not active
JDBC Connection [HikariProxyConnection@1059769167 wrapping com.mysql.cj.jdbc.ConnectionImpl@537702e9] will not be managed by Spring
==>  Preparing: SELECT IFNULL(SUM(num),0) AS total_num,IFNULL(SUM(item_total_area),0) AS total_area,IFNULL(SUM(line_amount),0) AS total_amount,IFNULL(SUM(freight),0) AS total_freight,COUNT(*) AS total_rows FROM t_sales_order_item WHERE (order_id IN (?,?,?,?))
==> Parameters: 6(Long), 7(Long), 8(Long), 9(Long)
JDBC Connection [HikariProxyConnection@1946158410 wrapping com.mysql.cj.jdbc.ConnectionImpl@2d93ff50] will not be managed by Spring
<==    Columns: total_num, total_area, total_amount, total_freight, total_rows
==>  Preparing: SELECT id,dict_type,dict_label,dict_value,sort,status,del_flag,create_by,create_time,update_by,update_time FROM sys_dict_data WHERE del_flag=0 AND (dict_type IN (?,?,?,?) AND (status IS NULL OR status = ?)) ORDER BY dict_type ASC,sort ASC
<==        Row: 12, 4803.7360, 461447.23, 0.00, 6
==> Parameters: style_8k_chaixi(String), style_sanjie(String), style_kuangzhongkuang(String), style_8k_sanjie(String), 1(Integer)
<==      Total: 1
Closing non transactional SqlSession [org.apache.ibatis.session.defaults.DefaultSqlSession@2ee8643b]
Creating a new SqlSession
<==    Columns: id, dict_type, dict_label, dict_value, sort, status, del_flag, create_by, create_time, update_by, update_time
SqlSession [org.apache.ibatis.session.defaults.DefaultSqlSession@14b81779] was not registered for synchronization because synchronization is not active
<==        Row: 1, style_8k_sanjie, 8K大料三节, 1, 1, 1, 0, 1, 2026-09-13 21:33:33, 1, 2026-09-13 21:33:33
JDBC Connection [HikariProxyConnection@1024526362 wrapping com.mysql.cj.jdbc.ConnectionImpl@3018ec8] will not be managed by Spring
==>  Preparing: SELECT COUNT(*) AS total FROM t_sales_order_item WHERE (order_id IN (?, ?, ?, ?))
<==        Row: 2, style_8k_sanjie, 8K极窄三节, 2, 2, 1, 0, 1, 2026-09-13 21:33:33, 1, 2026-09-13 21:33:33
==> Parameters: 6(Long), 7(Long), 8(Long), 9(Long)
JDBC Connection [HikariProxyConnection@2009240787 wrapping com.mysql.cj.jdbc.ConnectionImpl@537702e9] will not be managed by Spring
<==        Row: 3, style_8k_sanjie, 8K极窄两节, 3, 3, 1, 0, 1, 2026-09-13 21:33:33, 1, 2026-09-13 21:33:33
==>  Preparing: SELECT order_id,order_no,order_status,order_type,customer_id,customer_name,contact,phone,address,order_date,expect_date,total_area,projection_area,big_board_num,product_amount,craft_fee,urgent_fee,freight,discount_amount,total_amount,finance_status,paid_amount,receive_amount,unpaid_amount,profit_amount,gross_profit_rate,sub_order_count,receive_time,audit_by,audit_time,reject_reason,delivery_time,finish_time,cancel_reason,remark,brand,unit,install_type,designer,splitter,salesman,logistics,terminal_address,customer_source,create_by,create_time,update_by,update_time,del_flag FROM t_sales_order WHERE order_id IN ( ? , ? , ? , ? ) AND del_flag=0
==> Parameters: 6(Long), 7(Long), 8(Long), 9(Long)
<==    Columns: total
<==        Row: 6
<==        Row: 4, style_8k_sanjie, 8K极窄三节小窗口, 4, 4, 1, 0, 1, 2026-09-13 21:33:33, 1, 2026-09-13 21:33:33
<==      Total: 1
<==    Columns: order_id, order_no, order_status, order_type, customer_id, customer_name, contact, phone, address, order_date, expect_date, total_area, projection_area, big_board_num, product_amount, craft_fee, urgent_fee, freight, discount_amount, total_amount, finance_status, paid_amount, receive_amount, unpaid_amount, profit_amount, gross_profit_rate, sub_order_count, receive_time, audit_by, audit_time, reject_reason, delivery_time, finish_time, cancel_reason, remark, brand, unit, install_type, designer, splitter, salesman, logistics, terminal_address, customer_source, create_by, create_time, update_by, update_time, del_flag
==>  Preparing: SELECT item_id,order_id,sub_order_no,product_id,product_name,product_type,item_category,dict_type,color,net_material,handle,lock_set,handle_direction,add_rod,fixed_bottom,square_board,material,open_direction,unit_price,width,height,deduct_width,net_width,single_area,min_area,calc_type,charge_area,num,unit,item_total_area,line_amount,item_status,sale_price_type,freight,receive_amount,profit_amount,sales_owner,process_code,process_name,flow_status,produce_progress,work_order_id,remark FROM t_sales_order_item WHERE (order_id IN (?,?,?,?)) ORDER BY order_id DESC,item_id ASC LIMIT ?
<==        Row: 5, style_8k_sanjie, 8K极窄三节-全防护, 5, 5, 1, 0, 1, 2026-09-13 21:33:33, 1, 2026-09-13 21:33:33
<==        Row: 6, SO20260919001, 5, 正常单, 1, 北辰辰玺, 张经理, 13800001111, null, 2026-09-19, 2026-09-30, 3.0540, 12.5000, 3, 583.27, 100.00, 0.00, 80.00, 50.00, 713.27, 3, 300.00, 300.00, 413.27, 180.00, 0.2524, 2, 2026-09-19 10:38:13, 2, 2026-09-19 10:38:12, null, 2026-09-19 10:38:19, 2026-09-19 10:38:19, null, 订单管理模块联调测试单，请勿删除, 固贤, 套, 客户安装, 李设计, 王拆单, 陈业务, 顺丰物流, 长沙市雨花区北辰三角洲 3 栋 1802, 老客户转介绍, 2, 2026-09-19 10:38:12, 2, 2026-09-19 10:38:19, 0
==> Parameters: 6(Long), 7(Long), 8(Long), 9(Long), 20(Long)
<==        Row: 6, style_8k_sanjie, 8K极窄两节不要下边框, 6, 6, 1, 0, 1, 2026-09-13 21:33:33, 1, 2026-09-13 21:33:33
<==        Row: 7, style_8k_sanjie, 8K极窄四节-4节纱, 7, 7, 1, 0, 1, 2026-09-13 21:33:33, 1, 2026-09-13 21:33:33
<==    Columns: item_id, order_id, sub_order_no, product_id, product_name, product_type, item_category, dict_type, color, net_material, handle, lock_set, handle_direction, add_rod, fixed_bottom, square_board, material, open_direction, unit_price, width, height, deduct_width, net_width, single_area, min_area, calc_type, charge_area, num, unit, item_total_area, line_amount, item_status, sale_price_type, freight, receive_amount, profit_amount, sales_owner, process_code, process_name, flow_status, produce_progress, work_order_id, remark
<==        Row: 8, style_8k_sanjie, 8K极窄两节-全防护, 8, 8, 1, 0, 1, 2026-09-13 21:33:33, 1, 2026-09-13 21:33:33
<==        Row: 15, 9, SO20260922002-01, null, 8K极窄四节-4节纱, 8K三节系列, 8K三节系列, style_8k_sanjie, 无, 无, 无, 无, 无, 无, 无, 无, 无, 无, 96.00, 60000.00, 80000.00, 0.00, 60000.00, 4800.0000, 0.0000, 1, 4800.0000, 1, 套, 4800.0000, 460800.00, 2, 1, 0.00, 0.00, 0.00, , null, null, null, 0, 4, 
<==        Row: 7, SO20260919002, 5, 正常单, 22, 李桌, 登录二维码, 15898405119, null, 2026-09-19, 2026-09-26, 0.4320, 10.0000, 12, 10.20, 0.00, 0.00, 0.00, 0.00, 10.20, 0, 0.00, 0.00, 10.20, 0.00, 0.0000, 1, null, 2, 2026-09-19 11:18:03, null, 2026-09-22 23:41:40, 2026-09-24 13:48:24, null, 测试用, 框中款, 套, 自行安装, 卢工, 刘工, 卢工, 顺丰, 长沙, 抖音, 1, 2026-09-19 11:10:07, 1, 2026-09-24 13:48:24, 0
<==        Row: 9, style_8k_sanjie, 8K极窄三节小缺口, 9, 9, 1, 0, 1, 2026-09-13 21:33:33, 1, 2026-09-13 21:33:33
<==        Row: 13, 8, SO20260922001-01, null, 金刚网框中框, 框中框系列, 框中框系列, style_kuangzhongkuang, 红, 纱网, 铁把手, 卡扣, 右, 不加, 无, 无, 金刚, 无, 160.00, 200.00, 600.00, 50.00, 150.00, 0.0900, 0.0000, 1, 0.0900, 1, 套, 0.0900, 14.40, 5, 1, 0.00, 0.00, 0.00, , null, null, null, 100, 3, 
<==        Row: 10, style_8k_sanjie, 8K大料两节, 10, 10, 1, 0, 1, 2026-09-13 21:33:33, 1, 2026-09-14 22:35:47
<==        Row: 14, 8, SO20260922001-02, null, 8K大料三节, 8K三节系列, 8K三节系列, style_8k_sanjie, 绿, 纱网, 无, 无, 无, 不加, 无, 无, 无, 无, 246.00, 300.00, 800.00, 100.00, 200.00, 0.1600, 0.0000, 1, 0.1600, 1, 套, 0.1600, 39.36, 5, 1, 0.00, 0.00, 0.00, , null, null, null, 100, 3, 
<==        Row: 10, 7, SO20260919002-01, null, 8K大料三节, 8K三节系列, 8K三节系列, style_8k_sanjie, 无, 无, 无, 无, 无, 无, 无, 无, 无, 无, 23.60, 200.00, 400.00, 20.00, 180.00, 0.0720, 0.0000, 1, 0.0720, 6, 套, 0.4320, 10.20, 5, 1, 0.00, 0.00, 0.00, , null, null, null, 0, 2, 
<==        Row: 8, 6, SO20260919001-01, null, 8K大料三节, 8K三节系列, 8K三节系列, style_8k_sanjie, 金刚灰, 8K金刚网, 锌合金把手, 月牙锁, 左, 加一根, 下固定50, 5号方板, null, 外开, 168.00, 1210.00, 710.00, 10.00, 1200.00, 0.8520, 0.0000, 1, 0.8520, 2, 套, 1.7040, 286.27, 5, 1, 0.00, 0.00, 120.00, 文员小张, null, null, null, 100, null, 客厅用
<==        Row: 8, SO20260922001, 5, 加急单, 21, 邓劲松, 登录二维码, 17378089633, null, 2026-09-22, 2026-09-30, 0.2500, 0.0000, 0, 53.76, 0.00, 0.00, 0.00, 0.00, 53.76, 2, 53.76, 53.76, 0.00, 0.00, 0.0000, 2, 2026-09-22 23:55:55, 1, 2026-09-22 23:39:26, null, 2026-09-22 23:53:52, 2026-09-22 23:53:52, null, 加急加急, 框中框, 套, 自行安装, 卢工, 卢工, 卢工, 顺丰, 杭州余杭区仓益绿苑, 抖音, 1, 2026-09-22 23:38:06, 1, 2026-09-22 23:55:55, 0
<==        Row: 9, 6, SO20260919001-02, null, 金刚网框中框, 框中框系列, 框中框系列, style_kuangzhongkuang, 香槟金, 不锈钢网, 塑料把手, 按锁, 右, 不加杆, 无, null, null, 内开, 220.00, 900.00, 1500.00, 0.00, 900.00, 1.3500, 0.0000, 1, 1.3500, 1, 套, 1.3500, 297.00, 5, 1, 0.00, 0.00, 60.00, 文员小张, null, null, null, 100, null, 卧室用
<==        Row: 13, style_kuangzhongkuang, 金刚网框中框, 11, 11, 1, 0, 1, 2026-09-14 22:24:21, 1, 2026-09-14 22:35:35
<==      Total: 6
Closing non transactional SqlSession [org.apache.ibatis.session.defaults.DefaultSqlSession@2302600b]
<==        Row: 16, style_kuangzhongkuang, 测试123, 15, 15, 1, 0, 1, 2026-09-17 23:08:41, 1, 2026-09-17 23:08:41
<==        Row: 9, SO20260922002, 2, 正常单, 25, 马科斯门窗, 登录二维码, 15986963265, null, 2026-09-22, 2026-09-30, 4800.0000, 0.0000, 0, 460800.00, 0.00, 0.00, 0.00, 0.00, 460800.00, 0, 0.00, 0.00, 460800.00, 0.00, 0.0000, 1, null, 1, 2026-09-22 23:58:32, null, null, null, null, , , 套, 客户安装, , , , 京东, 杭州, , 1, 2026-09-22 23:58:12, 1, 2026-09-22 23:59:03, 0
Creating a new SqlSession
<==      Total: 12
SqlSession [org.apache.ibatis.session.defaults.DefaultSqlSession@608639a3] was not registered for synchronization because synchronization is not active
Closing non transactional SqlSession [org.apache.ibatis.session.defaults.DefaultSqlSession@211bc1c3]
<==      Total: 4
JDBC Connection [HikariProxyConnection@1879777355 wrapping com.mysql.cj.jdbc.ConnectionImpl@3018ec8] will not be managed by Spring
Closing non transactional SqlSession [org.apache.ibatis.session.defaults.DefaultSqlSession@14b81779]
==>  Preparing: SELECT order_id,order_no,order_status,order_type,customer_id,customer_name,contact,phone,address,order_date,expect_date,total_area,projection_area,big_board_num,product_amount,craft_fee,urgent_fee,freight,discount_amount,total_amount,finance_status,paid_amount,receive_amount,unpaid_amount,profit_amount,gross_profit_rate,sub_order_count,receive_time,audit_by,audit_time,reject_reason,delivery_time,finish_time,cancel_reason,remark,brand,unit,install_type,designer,splitter,salesman,logistics,terminal_address,customer_source,create_by,create_time,update_by,update_time,del_flag FROM t_sales_order WHERE order_id IN ( ? , ? , ? , ? ) AND del_flag=0
==> Parameters: 9(Long), 8(Long), 7(Long), 6(Long)
<==    Columns: order_id, order_no, order_status, order_type, customer_id, customer_name, contact, phone, address, order_date, expect_date, total_area, projection_area, big_board_num, product_amount, craft_fee, urgent_fee, freight, discount_amount, total_amount, finance_status, paid_amount, receive_amount, unpaid_amount, profit_amount, gross_profit_rate, sub_order_count, receive_time, audit_by, audit_time, reject_reason, delivery_time, finish_time, cancel_reason, remark, brand, unit, install_type, designer, splitter, salesman, logistics, terminal_address, customer_source, create_by, create_time, update_by, update_time, del_flag
<==        Row: 6, SO20260919001, 5, 正常单, 1, 北辰辰玺, 张经理, 13800001111, null, 2026-09-19, 2026-09-30, 3.0540, 12.5000, 3, 583.27, 100.00, 0.00, 80.00, 50.00, 713.27, 3, 300.00, 300.00, 413.27, 180.00, 0.2524, 2, 2026-09-19 10:38:13, 2, 2026-09-19 10:38:12, null, 2026-09-19 10:38:19, 2026-09-19 10:38:19, null, 订单管理模块联调测试单，请勿删除, 固贤, 套, 客户安装, 李设计, 王拆单, 陈业务, 顺丰物流, 长沙市雨花区北辰三角洲 3 栋 1802, 老客户转介绍, 2, 2026-09-19 10:38:12, 2, 2026-09-19 10:38:19, 0
<==        Row: 7, SO20260919002, 5, 正常单, 22, 李桌, 登录二维码, 15898405119, null, 2026-09-19, 2026-09-26, 0.4320, 10.0000, 12, 10.20, 0.00, 0.00, 0.00, 0.00, 10.20, 0, 0.00, 0.00, 10.20, 0.00, 0.0000, 1, null, 2, 2026-09-19 11:18:03, null, 2026-09-22 23:41:40, 2026-09-24 13:48:24, null, 测试用, 框中款, 套, 自行安装, 卢工, 刘工, 卢工, 顺丰, 长沙, 抖音, 1, 2026-09-19 11:10:07, 1, 2026-09-24 13:48:24, 0
<==        Row: 8, SO20260922001, 5, 加急单, 21, 邓劲松, 登录二维码, 17378089633, null, 2026-09-22, 2026-09-30, 0.2500, 0.0000, 0, 53.76, 0.00, 0.00, 0.00, 0.00, 53.76, 2, 53.76, 53.76, 0.00, 0.00, 0.0000, 2, 2026-09-22 23:55:55, 1, 2026-09-22 23:39:26, null, 2026-09-22 23:53:52, 2026-09-22 23:53:52, null, 加急加急, 框中框, 套, 自行安装, 卢工, 卢工, 卢工, 顺丰, 杭州余杭区仓益绿苑, 抖音, 1, 2026-09-22 23:38:06, 1, 2026-09-22 23:55:55, 0
<==        Row: 9, SO20260922002, 2, 正常单, 25, 马科斯门窗, 登录二维码, 15986963265, null, 2026-09-22, 2026-09-30, 4800.0000, 0.0000, 0, 460800.00, 0.00, 0.00, 0.00, 0.00, 460800.00, 0, 0.00, 0.00, 460800.00, 0.00, 0.0000, 1, null, 1, 2026-09-22 23:58:32, null, null, null, null, , , 套, 客户安装, , , , 京东, 杭州, , 1, 2026-09-22 23:58:12, 1, 2026-09-22 23:59:03, 0
<==      Total: 4
Closing non transactional SqlSession [org.apache.ibatis.session.defaults.DefaultSqlSession@608639a3]
Creating a new SqlSession
SqlSession [org.apache.ibatis.session.defaults.DefaultSqlSession@76eeb327] was not registered for synchronization because synchronization is not active
JDBC Connection [HikariProxyConnection@1316865850 wrapping com.mysql.cj.jdbc.ConnectionImpl@537702e9] will not be managed by Spring
==>  Preparing: SELECT id,dict_type,dict_name,status,del_flag,create_by,create_time,update_by,update_time FROM sys_dict_type WHERE del_flag=0 AND ((dict_type LIKE ? OR dict_type IN (?,?,?,?,?,?,?,?,?,?,?,?,?,?,?)) AND (status IS NULL OR status = ?))
==> Parameters: style%(String), color(String), net(String), material(String), handle(String), lock(String), handle_direction(String), add_rod(String), fixed_bottom(String), square_board(String), open_direction(String), order_type(String), install_type(String), customer_source(String), logistics(String), unit(String), 1(Integer)
<==    Columns: id, dict_type, dict_name, status, del_flag, create_by, create_time, update_by, update_time
<==        Row: 1, style_kuangzhongkuang, 框中框系列, 1, 0, 1, 2026-09-13 21:32:28, 1, 2026-09-13 21:32:28
<==        Row: 2, style_sanjie, 三节系列, 1, 0, 1, 2026-09-13 21:32:28, 1, 2026-09-13 21:32:28
<==        Row: 3, style_8k_sanjie, 8K三节系列, 1, 0, 1, 2026-09-13 21:32:28, 1, 2026-09-13 21:32:28
<==        Row: 4, style_8k_chaixi, 8K拆洗系列, 1, 0, 1, 2026-09-13 21:32:28, 1, 2026-09-13 21:32:28
<==      Total: 4
Closing non transactional SqlSession [org.apache.ibatis.session.defaults.DefaultSqlSession@76eeb327]
Creating a new SqlSession
SqlSession [org.apache.ibatis.session.defaults.DefaultSqlSession@4680604c] was not registered for synchronization because synchronization is not active
JDBC Connection [HikariProxyConnection@1570459245 wrapping com.mysql.cj.jdbc.ConnectionImpl@537702e9] will not be managed by Spring
==>  Preparing: SELECT id,dict_type,dict_label,dict_value,sort,status,del_flag,create_by,create_time,update_by,update_time FROM sys_dict_data WHERE del_flag=0 AND (dict_type IN (?,?,?,?) AND (status IS NULL OR status = ?)) ORDER BY dict_type ASC,sort ASC
==> Parameters: style_8k_chaixi(String), style_sanjie(String), style_kuangzhongkuang(String), style_8k_sanjie(String), 1(Integer)
<==    Columns: id, dict_type, dict_label, dict_value, sort, status, del_flag, create_by, create_time, update_by, update_time
<==        Row: 1, style_8k_sanjie, 8K大料三节, 1, 1, 1, 0, 1, 2026-09-13 21:33:33, 1, 2026-09-13 21:33:33
<==        Row: 2, style_8k_sanjie, 8K极窄三节, 2, 2, 1, 0, 1, 2026-09-13 21:33:33, 1, 2026-09-13 21:33:33
<==        Row: 3, style_8k_sanjie, 8K极窄两节, 3, 3, 1, 0, 1, 2026-09-13 21:33:33, 1, 2026-09-13 21:33:33
<==        Row: 4, style_8k_sanjie, 8K极窄三节小窗口, 4, 4, 1, 0, 1, 2026-09-13 21:33:33, 1, 2026-09-13 21:33:33
<==        Row: 5, style_8k_sanjie, 8K极窄三节-全防护, 5, 5, 1, 0, 1, 2026-09-13 21:33:33, 1, 2026-09-13 21:33:33
<==        Row: 6, style_8k_sanjie, 8K极窄两节不要下边框, 6, 6, 1, 0, 1, 2026-09-13 21:33:33, 1, 2026-09-13 21:33:33
<==        Row: 7, style_8k_sanjie, 8K极窄四节-4节纱, 7, 7, 1, 0, 1, 2026-09-13 21:33:33, 1, 2026-09-13 21:33:33
<==        Row: 8, style_8k_sanjie, 8K极窄两节-全防护, 8, 8, 1, 0, 1, 2026-09-13 21:33:33, 1, 2026-09-13 21:33:33
<==        Row: 9, style_8k_sanjie, 8K极窄三节小缺口, 9, 9, 1, 0, 1, 2026-09-13 21:33:33, 1, 2026-09-13 21:33:33
<==        Row: 10, style_8k_sanjie, 8K大料两节, 10, 10, 1, 0, 1, 2026-09-13 21:33:33, 1, 2026-09-14 22:35:47
<==        Row: 13, style_kuangzhongkuang, 金刚网框中框, 11, 11, 1, 0, 1, 2026-09-14 22:24:21, 1, 2026-09-14 22:35:35
<==        Row: 16, style_kuangzhongkuang, 测试123, 15, 15, 1, 0, 1, 2026-09-17 23:08:41, 1, 2026-09-17 23:08:41
<==      Total: 12
Closing non transactional SqlSession [org.apache.ibatis.session.defaults.DefaultSqlSession@4680604c]
Creating a new SqlSession
Registering transaction synchronization for SqlSession [org.apache.ibatis.session.defaults.DefaultSqlSession@335c9624]
JDBC Connection [HikariProxyConnection@2115893627 wrapping com.mysql.cj.jdbc.ConnectionImpl@537702e9] will be managed by Spring
==>  Preparing: SELECT order_id,order_no,order_status,order_type,customer_id,customer_name,contact,phone,address,order_date,expect_date,total_area,projection_area,big_board_num,product_amount,craft_fee,urgent_fee,freight,discount_amount,total_amount,finance_status,paid_amount,receive_amount,unpaid_amount,profit_amount,gross_profit_rate,sub_order_count,receive_time,audit_by,audit_time,reject_reason,delivery_time,finish_time,cancel_reason,remark,brand,unit,install_type,designer,splitter,salesman,logistics,terminal_address,customer_source,create_by,create_time,update_by,update_time,del_flag FROM t_sales_order WHERE del_flag=0 AND (order_no LIKE ?) ORDER BY order_no DESC LIMIT 1
==> Parameters: SO20260924%(String)
<==      Total: 0
Releasing transactional SqlSession [org.apache.ibatis.session.defaults.DefaultSqlSession@335c9624]
Fetched SqlSession [org.apache.ibatis.session.defaults.DefaultSqlSession@335c9624] from current transaction
==>  Preparing: INSERT INTO t_sales_order ( order_no, order_status, order_type, customer_id, customer_name, contact, phone, order_date, expect_date, total_area, projection_area, big_board_num, product_amount, craft_fee, urgent_fee, freight, discount_amount, total_amount, finance_status, paid_amount, receive_amount, unpaid_amount, profit_amount, gross_profit_rate, sub_order_count, remark, brand, unit, install_type, designer, splitter, salesman, logistics, terminal_address, customer_source, create_by, create_time, update_by, update_time ) VALUES ( ?, ?, ?, ?, ?, ?, ?, ?, ?, ?, ?, ?, ?, ?, ?, ?, ?, ?, ?, ?, ?, ?, ?, ?, ?, ?, ?, ?, ?, ?, ?, ?, ?, ?, ?, ?, ?, ?, ? )
==> Parameters: SO20260924001(String), 0(Integer), 正常单(String), 17(Long), 彭宇(String), 登录二维码(String), 1(String), 2026-09-24(LocalDate), 2026-09-25(LocalDate), 0.0000(BigDecimal), 0(BigDecimal), 0(Integer), 0.00(BigDecimal), 0(BigDecimal), 0(BigDecimal), 0(BigDecimal), 0(BigDecimal), 0.00(BigDecimal), 0(Integer), 0(BigDecimal), 0(BigDecimal), 0.00(BigDecimal), 0.00(BigDecimal), 0(BigDecimal), 1(Integer), 1(String), 1(String), 套(String), 客户安装(String), 1(String), 1(String), 1(String), (String), 1(String), (String), 1(Long), 2026-09-24T14:01:34.301887200(LocalDateTime), 1(Long), 2026-09-24T14:01:34.301887200(LocalDateTime)
<==    Updates: 1
Releasing transactional SqlSession [org.apache.ibatis.session.defaults.DefaultSqlSession@335c9624]
Fetched SqlSession [org.apache.ibatis.session.defaults.DefaultSqlSession@335c9624] from current transaction
==>  Preparing: INSERT INTO t_sales_order_item ( order_id, sub_order_no, product_name, product_type, item_category, dict_type, color, net_material, handle, lock_set, handle_direction, add_rod, fixed_bottom, square_board, material, open_direction, unit_price, width, height, deduct_width, net_width, single_area, min_area, calc_type, charge_area, num, unit, item_total_area, line_amount, item_status, sale_price_type, freight, receive_amount, profit_amount, sales_owner, produce_progress, remark ) VALUES ( ?, ?, ?, ?, ?, ?, ?, ?, ?, ?, ?, ?, ?, ?, ?, ?, ?, ?, ?, ?, ?, ?, ?, ?, ?, ?, ?, ?, ?, ?, ?, ?, ?, ?, ?, ?, ? )
==> Parameters: 10(Long), SO20260924001-01(String), 8K极窄三节-全防护(String), 8K三节系列(String), 8K三节系列(String), style_8k_sanjie(String), 1(String), 1(String), 1(String), 1(String), 1(String), 1(String), 1(String), 1(String), 1(String), 1(String), 10000(BigDecimal), 1(BigDecimal), 1(BigDecimal), 0(BigDecimal), 1(BigDecimal), 0.0000(BigDecimal), 0(BigDecimal), 1(Integer), 0.0000(BigDecimal), 1(Integer), 套(String), 0.0000(BigDecimal), 0.00(BigDecimal), 0(Integer), 1(Integer), 0(BigDecimal), 0(BigDecimal), 0(BigDecimal), (String), 0(Integer), (String)
<==    Updates: 1
Releasing transactional SqlSession [org.apache.ibatis.session.defaults.DefaultSqlSession@335c9624]
Transaction synchronization committing SqlSession [org.apache.ibatis.session.defaults.DefaultSqlSession@335c9624]
Transaction synchronization deregistering SqlSession [org.apache.ibatis.session.defaults.DefaultSqlSession@335c9624]
Transaction synchronization closing SqlSession [org.apache.ibatis.session.defaults.DefaultSqlSession@335c9624]
Creating a new SqlSession
SqlSession [org.apache.ibatis.session.defaults.DefaultSqlSession@51dc4225] was not registered for synchronization because synchronization is not active
JDBC Connection [HikariProxyConnection@1901307632 wrapping com.mysql.cj.jdbc.ConnectionImpl@537702e9] will not be managed by Spring
==>  Preparing: INSERT INTO sys_oper_log ( username, real_name, oper_module, oper_type, oper_content, ip, oper_time ) VALUES ( ?, ?, ?, ?, ?, ?, ? )
==> Parameters: 卢总(String), 卢超(String), 销售订单(String), 保存(String), 新增/编辑销售订单(String), 127.0.0.1(String), 2026-09-24T14:01:34.354763200(LocalDateTime)
<==    Updates: 1
Closing non transactional SqlSession [org.apache.ibatis.session.defaults.DefaultSqlSession@51dc4225]
Creating a new SqlSession
Creating a new SqlSession
SqlSession [org.apache.ibatis.session.defaults.DefaultSqlSession@1045af1b] was not registered for synchronization because synchronization is not active
SqlSession [org.apache.ibatis.session.defaults.DefaultSqlSession@b2b4818] was not registered for synchronization because synchronization is not active
JDBC Connection [HikariProxyConnection@1716878815 wrapping com.mysql.cj.jdbc.ConnectionImpl@537702e9] will not be managed by Spring
==>  Preparing: SELECT order_id FROM t_sales_order WHERE del_flag=0 AND (order_date >= ? AND order_date <= ?)
JDBC Connection [HikariProxyConnection@174945103 wrapping com.mysql.cj.jdbc.ConnectionImpl@3018ec8] will not be managed by Spring
Creating a new SqlSession
==> Parameters: 2026-07-24(LocalDate), 2026-09-24(LocalDate)
==>  Preparing: SELECT order_id FROM t_sales_order WHERE del_flag=0 AND (order_date >= ? AND order_date <= ?)
SqlSession [org.apache.ibatis.session.defaults.DefaultSqlSession@58b8e076] was not registered for synchronization because synchronization is not active
==> Parameters: 2026-07-24(LocalDate), 2026-09-24(LocalDate)
<==    Columns: order_id
JDBC Connection [HikariProxyConnection@160495427 wrapping com.mysql.cj.jdbc.ConnectionImpl@2d93ff50] will not be managed by Spring
<==        Row: 6
==>  Preparing: SELECT id,dict_type,dict_name,status,del_flag,create_by,create_time,update_by,update_time FROM sys_dict_type WHERE del_flag=0 AND ((dict_type LIKE ? OR dict_type IN (?,?,?,?,?,?,?,?,?,?,?,?,?,?,?)) AND (status IS NULL OR status = ?))
<==        Row: 7
<==        Row: 8
==> Parameters: style%(String), color(String), net(String), material(String), handle(String), lock(String), handle_direction(String), add_rod(String), fixed_bottom(String), square_board(String), open_direction(String), order_type(String), install_type(String), customer_source(String), logistics(String), unit(String), 1(Integer)
<==    Columns: order_id
<==        Row: 9
<==        Row: 6
<==        Row: 10
<==    Columns: id, dict_type, dict_name, status, del_flag, create_by, create_time, update_by, update_time
<==        Row: 7
<==        Row: 1, style_kuangzhongkuang, 框中框系列, 1, 0, 1, 2026-09-13 21:32:28, 1, 2026-09-13 21:32:28
<==      Total: 5
<==        Row: 8
Closing non transactional SqlSession [org.apache.ibatis.session.defaults.DefaultSqlSession@1045af1b]
<==        Row: 2, style_sanjie, 三节系列, 1, 0, 1, 2026-09-13 21:32:28, 1, 2026-09-13 21:32:28
Creating a new SqlSession
<==        Row: 9
SqlSession [org.apache.ibatis.session.defaults.DefaultSqlSession@11c9c8de] was not registered for synchronization because synchronization is not active
<==        Row: 3, style_8k_sanjie, 8K三节系列, 1, 0, 1, 2026-09-13 21:32:28, 1, 2026-09-13 21:32:28
<==        Row: 10
<==        Row: 4, style_8k_chaixi, 8K拆洗系列, 1, 0, 1, 2026-09-13 21:32:28, 1, 2026-09-13 21:32:28
<==      Total: 5
<==      Total: 4
Closing non transactional SqlSession [org.apache.ibatis.session.defaults.DefaultSqlSession@b2b4818]
Closing non transactional SqlSession [org.apache.ibatis.session.defaults.DefaultSqlSession@58b8e076]
Creating a new SqlSession
SqlSession [org.apache.ibatis.session.defaults.DefaultSqlSession@a6dec6d] was not registered for synchronization because synchronization is not active
Creating a new SqlSession
SqlSession [org.apache.ibatis.session.defaults.DefaultSqlSession@7d3538dc] was not registered for synchronization because synchronization is not active
JDBC Connection [HikariProxyConnection@1984460984 wrapping com.mysql.cj.jdbc.ConnectionImpl@3018ec8] will not be managed by Spring
==>  Preparing: SELECT IFNULL(SUM(num),0) AS total_num,IFNULL(SUM(item_total_area),0) AS total_area,IFNULL(SUM(line_amount),0) AS total_amount,IFNULL(SUM(freight),0) AS total_freight,COUNT(*) AS total_rows FROM t_sales_order_item WHERE (order_id IN (?,?,?,?,?))
JDBC Connection [HikariProxyConnection@337920682 wrapping com.mysql.cj.jdbc.ConnectionImpl@537702e9] will not be managed by Spring
==> Parameters: 6(Long), 7(Long), 8(Long), 9(Long), 10(Long)
JDBC Connection [HikariProxyConnection@1680728865 wrapping com.mysql.cj.jdbc.ConnectionImpl@2d93ff50] will not be managed by Spring
==>  Preparing: SELECT COUNT(*) AS total FROM t_sales_order_item WHERE (order_id IN (?, ?, ?, ?, ?))
==>  Preparing: SELECT id,dict_type,dict_label,dict_value,sort,status,del_flag,create_by,create_time,update_by,update_time FROM sys_dict_data WHERE del_flag=0 AND (dict_type IN (?,?,?,?) AND (status IS NULL OR status = ?)) ORDER BY dict_type ASC,sort ASC
==> Parameters: 6(Long), 7(Long), 8(Long), 9(Long), 10(Long)
==> Parameters: style_8k_chaixi(String), style_sanjie(String), style_kuangzhongkuang(String), style_8k_sanjie(String), 1(Integer)
<==    Columns: total_num, total_area, total_amount, total_freight, total_rows
<==        Row: 13, 4803.7360, 461447.23, 0.00, 7
<==    Columns: total
<==      Total: 1
<==        Row: 7
Closing non transactional SqlSession [org.apache.ibatis.session.defaults.DefaultSqlSession@a6dec6d]
<==    Columns: id, dict_type, dict_label, dict_value, sort, status, del_flag, create_by, create_time, update_by, update_time
Creating a new SqlSession
<==      Total: 1
SqlSession [org.apache.ibatis.session.defaults.DefaultSqlSession@b48c354] was not registered for synchronization because synchronization is not active
<==        Row: 1, style_8k_sanjie, 8K大料三节, 1, 1, 1, 0, 1, 2026-09-13 21:33:33, 1, 2026-09-13 21:33:33
==>  Preparing: SELECT item_id,order_id,sub_order_no,product_id,product_name,product_type,item_category,dict_type,color,net_material,handle,lock_set,handle_direction,add_rod,fixed_bottom,square_board,material,open_direction,unit_price,width,height,deduct_width,net_width,single_area,min_area,calc_type,charge_area,num,unit,item_total_area,line_amount,item_status,sale_price_type,freight,receive_amount,profit_amount,sales_owner,process_code,process_name,flow_status,produce_progress,work_order_id,remark FROM t_sales_order_item WHERE (order_id IN (?,?,?,?,?)) ORDER BY order_id DESC,item_id ASC LIMIT ?
JDBC Connection [HikariProxyConnection@1847806164 wrapping com.mysql.cj.jdbc.ConnectionImpl@3018ec8] will not be managed by Spring
<==        Row: 2, style_8k_sanjie, 8K极窄三节, 2, 2, 1, 0, 1, 2026-09-13 21:33:33, 1, 2026-09-13 21:33:33
==> Parameters: 6(Long), 7(Long), 8(Long), 9(Long), 10(Long), 20(Long)
==>  Preparing: SELECT order_id,order_no,order_status,order_type,customer_id,customer_name,contact,phone,address,order_date,expect_date,total_area,projection_area,big_board_num,product_amount,craft_fee,urgent_fee,freight,discount_amount,total_amount,finance_status,paid_amount,receive_amount,unpaid_amount,profit_amount,gross_profit_rate,sub_order_count,receive_time,audit_by,audit_time,reject_reason,delivery_time,finish_time,cancel_reason,remark,brand,unit,install_type,designer,splitter,salesman,logistics,terminal_address,customer_source,create_by,create_time,update_by,update_time,del_flag FROM t_sales_order WHERE order_id IN ( ? , ? , ? , ? , ? ) AND del_flag=0
<==        Row: 3, style_8k_sanjie, 8K极窄两节, 3, 3, 1, 0, 1, 2026-09-13 21:33:33, 1, 2026-09-13 21:33:33
==> Parameters: 6(Long), 7(Long), 8(Long), 9(Long), 10(Long)
<==        Row: 4, style_8k_sanjie, 8K极窄三节小窗口, 4, 4, 1, 0, 1, 2026-09-13 21:33:33, 1, 2026-09-13 21:33:33
<==    Columns: item_id, order_id, sub_order_no, product_id, product_name, product_type, item_category, dict_type, color, net_material, handle, lock_set, handle_direction, add_rod, fixed_bottom, square_board, material, open_direction, unit_price, width, height, deduct_width, net_width, single_area, min_area, calc_type, charge_area, num, unit, item_total_area, line_amount, item_status, sale_price_type, freight, receive_amount, profit_amount, sales_owner, process_code, process_name, flow_status, produce_progress, work_order_id, remark
<==        Row: 5, style_8k_sanjie, 8K极窄三节-全防护, 5, 5, 1, 0, 1, 2026-09-13 21:33:33, 1, 2026-09-13 21:33:33
<==        Row: 16, 10, SO20260924001-01, null, 8K极窄三节-全防护, 8K三节系列, 8K三节系列, style_8k_sanjie, 1, 1, 1, 1, 1, 1, 1, 1, 1, 1, 10000.00, 1.00, 1.00, 0.00, 1.00, 0.0000, 0.0000, 1, 0.0000, 1, 套, 0.0000, 0.00, 0, 1, 0.00, 0.00, 0.00, , null, null, null, 0, null, 
<==        Row: 6, style_8k_sanjie, 8K极窄两节不要下边框, 6, 6, 1, 0, 1, 2026-09-13 21:33:33, 1, 2026-09-13 21:33:33
<==    Columns: order_id, order_no, order_status, order_type, customer_id, customer_name, contact, phone, address, order_date, expect_date, total_area, projection_area, big_board_num, product_amount, craft_fee, urgent_fee, freight, discount_amount, total_amount, finance_status, paid_amount, receive_amount, unpaid_amount, profit_amount, gross_profit_rate, sub_order_count, receive_time, audit_by, audit_time, reject_reason, delivery_time, finish_time, cancel_reason, remark, brand, unit, install_type, designer, splitter, salesman, logistics, terminal_address, customer_source, create_by, create_time, update_by, update_time, del_flag
<==        Row: 7, style_8k_sanjie, 8K极窄四节-4节纱, 7, 7, 1, 0, 1, 2026-09-13 21:33:33, 1, 2026-09-13 21:33:33
<==        Row: 6, SO20260919001, 5, 正常单, 1, 北辰辰玺, 张经理, 13800001111, null, 2026-09-19, 2026-09-30, 3.0540, 12.5000, 3, 583.27, 100.00, 0.00, 80.00, 50.00, 713.27, 3, 300.00, 300.00, 413.27, 180.00, 0.2524, 2, 2026-09-19 10:38:13, 2, 2026-09-19 10:38:12, null, 2026-09-19 10:38:19, 2026-09-19 10:38:19, null, 订单管理模块联调测试单，请勿删除, 固贤, 套, 客户安装, 李设计, 王拆单, 陈业务, 顺丰物流, 长沙市雨花区北辰三角洲 3 栋 1802, 老客户转介绍, 2, 2026-09-19 10:38:12, 2, 2026-09-19 10:38:19, 0
<==        Row: 8, style_8k_sanjie, 8K极窄两节-全防护, 8, 8, 1, 0, 1, 2026-09-13 21:33:33, 1, 2026-09-13 21:33:33
<==        Row: 15, 9, SO20260922002-01, null, 8K极窄四节-4节纱, 8K三节系列, 8K三节系列, style_8k_sanjie, 无, 无, 无, 无, 无, 无, 无, 无, 无, 无, 96.00, 60000.00, 80000.00, 0.00, 60000.00, 4800.0000, 0.0000, 1, 4800.0000, 1, 套, 4800.0000, 460800.00, 2, 1, 0.00, 0.00, 0.00, , null, null, null, 0, 4, 
<==        Row: 9, style_8k_sanjie, 8K极窄三节小缺口, 9, 9, 1, 0, 1, 2026-09-13 21:33:33, 1, 2026-09-13 21:33:33
<==        Row: 7, SO20260919002, 5, 正常单, 22, 李桌, 登录二维码, 15898405119, null, 2026-09-19, 2026-09-26, 0.4320, 10.0000, 12, 10.20, 0.00, 0.00, 0.00, 0.00, 10.20, 0, 0.00, 0.00, 10.20, 0.00, 0.0000, 1, null, 2, 2026-09-19 11:18:03, null, 2026-09-22 23:41:40, 2026-09-24 13:48:24, null, 测试用, 框中款, 套, 自行安装, 卢工, 刘工, 卢工, 顺丰, 长沙, 抖音, 1, 2026-09-19 11:10:07, 1, 2026-09-24 13:48:24, 0
<==        Row: 10, style_8k_sanjie, 8K大料两节, 10, 10, 1, 0, 1, 2026-09-13 21:33:33, 1, 2026-09-14 22:35:47
<==        Row: 13, 8, SO20260922001-01, null, 金刚网框中框, 框中框系列, 框中框系列, style_kuangzhongkuang, 红, 纱网, 铁把手, 卡扣, 右, 不加, 无, 无, 金刚, 无, 160.00, 200.00, 600.00, 50.00, 150.00, 0.0900, 0.0000, 1, 0.0900, 1, 套, 0.0900, 14.40, 5, 1, 0.00, 0.00, 0.00, , null, null, null, 100, 3, 
<==        Row: 8, SO20260922001, 5, 加急单, 21, 邓劲松, 登录二维码, 17378089633, null, 2026-09-22, 2026-09-30, 0.2500, 0.0000, 0, 53.76, 0.00, 0.00, 0.00, 0.00, 53.76, 2, 53.76, 53.76, 0.00, 0.00, 0.0000, 2, 2026-09-22 23:55:55, 1, 2026-09-22 23:39:26, null, 2026-09-22 23:53:52, 2026-09-22 23:53:52, null, 加急加急, 框中框, 套, 自行安装, 卢工, 卢工, 卢工, 顺丰, 杭州余杭区仓益绿苑, 抖音, 1, 2026-09-22 23:38:06, 1, 2026-09-22 23:55:55, 0
<==        Row: 13, style_kuangzhongkuang, 金刚网框中框, 11, 11, 1, 0, 1, 2026-09-14 22:24:21, 1, 2026-09-14 22:35:35
<==        Row: 14, 8, SO20260922001-02, null, 8K大料三节, 8K三节系列, 8K三节系列, style_8k_sanjie, 绿, 纱网, 无, 无, 无, 不加, 无, 无, 无, 无, 246.00, 300.00, 800.00, 100.00, 200.00, 0.1600, 0.0000, 1, 0.1600, 1, 套, 0.1600, 39.36, 5, 1, 0.00, 0.00, 0.00, , null, null, null, 100, 3, 
<==        Row: 16, style_kuangzhongkuang, 测试123, 15, 15, 1, 0, 1, 2026-09-17 23:08:41, 1, 2026-09-17 23:08:41
<==      Total: 12
<==        Row: 10, 7, SO20260919002-01, null, 8K大料三节, 8K三节系列, 8K三节系列, style_8k_sanjie, 无, 无, 无, 无, 无, 无, 无, 无, 无, 无, 23.60, 200.00, 400.00, 20.00, 180.00, 0.0720, 0.0000, 1, 0.0720, 6, 套, 0.4320, 10.20, 5, 1, 0.00, 0.00, 0.00, , null, null, null, 0, 2, 
<==        Row: 9, SO20260922002, 2, 正常单, 25, 马科斯门窗, 登录二维码, 15986963265, null, 2026-09-22, 2026-09-30, 4800.0000, 0.0000, 0, 460800.00, 0.00, 0.00, 0.00, 0.00, 460800.00, 0, 0.00, 0.00, 460800.00, 0.00, 0.0000, 1, null, 1, 2026-09-22 23:58:32, null, null, null, null, , , 套, 客户安装, , , , 京东, 杭州, , 1, 2026-09-22 23:58:12, 1, 2026-09-22 23:59:03, 0
Closing non transactional SqlSession [org.apache.ibatis.session.defaults.DefaultSqlSession@7d3538dc]
<==        Row: 8, 6, SO20260919001-01, null, 8K大料三节, 8K三节系列, 8K三节系列, style_8k_sanjie, 金刚灰, 8K金刚网, 锌合金把手, 月牙锁, 左, 加一根, 下固定50, 5号方板, null, 外开, 168.00, 1210.00, 710.00, 10.00, 1200.00, 0.8520, 0.0000, 1, 0.8520, 2, 套, 1.7040, 286.27, 5, 1, 0.00, 0.00, 120.00, 文员小张, null, null, null, 100, null, 客厅用
<==        Row: 9, 6, SO20260919001-02, null, 金刚网框中框, 框中框系列, 框中框系列, style_kuangzhongkuang, 香槟金, 不锈钢网, 塑料把手, 按锁, 右, 不加杆, 无, null, null, 内开, 220.00, 900.00, 1500.00, 0.00, 900.00, 1.3500, 0.0000, 1, 1.3500, 1, 套, 1.3500, 297.00, 5, 1, 0.00, 0.00, 60.00, 文员小张, null, null, null, 100, null, 卧室用
<==      Total: 7
Closing non transactional SqlSession [org.apache.ibatis.session.defaults.DefaultSqlSession@11c9c8de]
Creating a new SqlSession
SqlSession [org.apache.ibatis.session.defaults.DefaultSqlSession@489a10f] was not registered for synchronization because synchronization is not active
JDBC Connection [HikariProxyConnection@848200230 wrapping com.mysql.cj.jdbc.ConnectionImpl@537702e9] will not be managed by Spring
==>  Preparing: SELECT order_id,order_no,order_status,order_type,customer_id,customer_name,contact,phone,address,order_date,expect_date,total_area,projection_area,big_board_num,product_amount,craft_fee,urgent_fee,freight,discount_amount,total_amount,finance_status,paid_amount,receive_amount,unpaid_amount,profit_amount,gross_profit_rate,sub_order_count,receive_time,audit_by,audit_time,reject_reason,delivery_time,finish_time,cancel_reason,remark,brand,unit,install_type,designer,splitter,salesman,logistics,terminal_address,customer_source,create_by,create_time,update_by,update_time,del_flag FROM t_sales_order WHERE order_id IN ( ? , ? , ? , ? , ? ) AND del_flag=0
==> Parameters: 10(Long), 9(Long), 8(Long), 7(Long), 6(Long)
<==    Columns: order_id, order_no, order_status, order_type, customer_id, customer_name, contact, phone, address, order_date, expect_date, total_area, projection_area, big_board_num, product_amount, craft_fee, urgent_fee, freight, discount_amount, total_amount, finance_status, paid_amount, receive_amount, unpaid_amount, profit_amount, gross_profit_rate, sub_order_count, receive_time, audit_by, audit_time, reject_reason, delivery_time, finish_time, cancel_reason, remark, brand, unit, install_type, designer, splitter, salesman, logistics, terminal_address, customer_source, create_by, create_time, update_by, update_time, del_flag
<==        Row: 10, SO20260924001, 0, 正常单, 17, 彭宇, 登录二维码, 1, null, 2026-09-24, 2026-09-25, 0.0000, 0.0000, 0, 0.00, 0.00, 0.00, 0.00, 0.00, 0.00, 0, 0.00, 0.00, 0.00, 0.00, 0.0000, 1, null, null, null, null, null, null, null, 1, 1, 套, 客户安装, 1, 1, 1, , 1, , 1, 2026-09-24 14:01:34, 1, 2026-09-24 14:01:34, 0
<==        Row: 6, SO20260919001, 5, 正常单, 1, 北辰辰玺, 张经理, 13800001111, null, 2026-09-19, 2026-09-30, 3.0540, 12.5000, 3, 583.27, 100.00, 0.00, 80.00, 50.00, 713.27, 3, 300.00, 300.00, 413.27, 180.00, 0.2524, 2, 2026-09-19 10:38:13, 2, 2026-09-19 10:38:12, null, 2026-09-19 10:38:19, 2026-09-19 10:38:19, null, 订单管理模块联调测试单，请勿删除, 固贤, 套, 客户安装, 李设计, 王拆单, 陈业务, 顺丰物流, 长沙市雨花区北辰三角洲 3 栋 1802, 老客户转介绍, 2, 2026-09-19 10:38:12, 2, 2026-09-19 10:38:19, 0
<==      Total: 5
Closing non transactional SqlSession [org.apache.ibatis.session.defaults.DefaultSqlSession@b48c354]
<==        Row: 7, SO20260919002, 5, 正常单, 22, 李桌, 登录二维码, 15898405119, null, 2026-09-19, 2026-09-26, 0.4320, 10.0000, 12, 10.20, 0.00, 0.00, 0.00, 0.00, 10.20, 0, 0.00, 0.00, 10.20, 0.00, 0.0000, 1, null, 2, 2026-09-19 11:18:03, null, 2026-09-22 23:41:40, 2026-09-24 13:48:24, null, 测试用, 框中款, 套, 自行安装, 卢工, 刘工, 卢工, 顺丰, 长沙, 抖音, 1, 2026-09-19 11:10:07, 1, 2026-09-24 13:48:24, 0
<==        Row: 8, SO20260922001, 5, 加急单, 21, 邓劲松, 登录二维码, 17378089633, null, 2026-09-22, 2026-09-30, 0.2500, 0.0000, 0, 53.76, 0.00, 0.00, 0.00, 0.00, 53.76, 2, 53.76, 53.76, 0.00, 0.00, 0.0000, 2, 2026-09-22 23:55:55, 1, 2026-09-22 23:39:26, null, 2026-09-22 23:53:52, 2026-09-22 23:53:52, null, 加急加急, 框中框, 套, 自行安装, 卢工, 卢工, 卢工, 顺丰, 杭州余杭区仓益绿苑, 抖音, 1, 2026-09-22 23:38:06, 1, 2026-09-22 23:55:55, 0
<==        Row: 9, SO20260922002, 2, 正常单, 25, 马科斯门窗, 登录二维码, 15986963265, null, 2026-09-22, 2026-09-30, 4800.0000, 0.0000, 0, 460800.00, 0.00, 0.00, 0.00, 0.00, 460800.00, 0, 0.00, 0.00, 460800.00, 0.00, 0.0000, 1, null, 1, 2026-09-22 23:58:32, null, null, null, null, , , 套, 客户安装, , , , 京东, 杭州, , 1, 2026-09-22 23:58:12, 1, 2026-09-22 23:59:03, 0
<==        Row: 10, SO20260924001, 0, 正常单, 17, 彭宇, 登录二维码, 1, null, 2026-09-24, 2026-09-25, 0.0000, 0.0000, 0, 0.00, 0.00, 0.00, 0.00, 0.00, 0.00, 0, 0.00, 0.00, 0.00, 0.00, 0.0000, 1, null, null, null, null, null, null, null, 1, 1, 套, 客户安装, 1, 1, 1, , 1, , 1, 2026-09-24 14:01:34, 1, 2026-09-24 14:01:34, 0
<==      Total: 5
Closing non transactional SqlSession [org.apache.ibatis.session.defaults.DefaultSqlSession@489a10f]
Creating a new SqlSession
SqlSession [org.apache.ibatis.session.defaults.DefaultSqlSession@71eb642f] was not registered for synchronization because synchronization is not active
JDBC Connection [HikariProxyConnection@710764629 wrapping com.mysql.cj.jdbc.ConnectionImpl@537702e9] will not be managed by Spring
==>  Preparing: SELECT id,dict_type,dict_name,status,del_flag,create_by,create_time,update_by,update_time FROM sys_dict_type WHERE del_flag=0 AND ((dict_type LIKE ? OR dict_type IN (?,?,?,?,?,?,?,?,?,?,?,?,?,?,?)) AND (status IS NULL OR status = ?))
==> Parameters: style%(String), color(String), net(String), material(String), handle(String), lock(String), handle_direction(String), add_rod(String), fixed_bottom(String), square_board(String), open_direction(String), order_type(String), install_type(String), customer_source(String), logistics(String), unit(String), 1(Integer)
<==    Columns: id, dict_type, dict_name, status, del_flag, create_by, create_time, update_by, update_time
<==        Row: 1, style_kuangzhongkuang, 框中框系列, 1, 0, 1, 2026-09-13 21:32:28, 1, 2026-09-13 21:32:28
<==        Row: 2, style_sanjie, 三节系列, 1, 0, 1, 2026-09-13 21:32:28, 1, 2026-09-13 21:32:28
<==        Row: 3, style_8k_sanjie, 8K三节系列, 1, 0, 1, 2026-09-13 21:32:28, 1, 2026-09-13 21:32:28
<==        Row: 4, style_8k_chaixi, 8K拆洗系列, 1, 0, 1, 2026-09-13 21:32:28, 1, 2026-09-13 21:32:28
<==      Total: 4
Closing non transactional SqlSession [org.apache.ibatis.session.defaults.DefaultSqlSession@71eb642f]
Creating a new SqlSession
SqlSession [org.apache.ibatis.session.defaults.DefaultSqlSession@c7cbcf8] was not registered for synchronization because synchronization is not active
JDBC Connection [HikariProxyConnection@1751420268 wrapping com.mysql.cj.jdbc.ConnectionImpl@537702e9] will not be managed by Spring
==>  Preparing: SELECT id,dict_type,dict_label,dict_value,sort,status,del_flag,create_by,create_time,update_by,update_time FROM sys_dict_data WHERE del_flag=0 AND (dict_type IN (?,?,?,?) AND (status IS NULL OR status = ?)) ORDER BY dict_type ASC,sort ASC
==> Parameters: style_8k_chaixi(String), style_sanjie(String), style_kuangzhongkuang(String), style_8k_sanjie(String), 1(Integer)
<==    Columns: id, dict_type, dict_label, dict_value, sort, status, del_flag, create_by, create_time, update_by, update_time
<==        Row: 1, style_8k_sanjie, 8K大料三节, 1, 1, 1, 0, 1, 2026-09-13 21:33:33, 1, 2026-09-13 21:33:33
<==        Row: 2, style_8k_sanjie, 8K极窄三节, 2, 2, 1, 0, 1, 2026-09-13 21:33:33, 1, 2026-09-13 21:33:33
<==        Row: 3, style_8k_sanjie, 8K极窄两节, 3, 3, 1, 0, 1, 2026-09-13 21:33:33, 1, 2026-09-13 21:33:33
<==        Row: 4, style_8k_sanjie, 8K极窄三节小窗口, 4, 4, 1, 0, 1, 2026-09-13 21:33:33, 1, 2026-09-13 21:33:33
<==        Row: 5, style_8k_sanjie, 8K极窄三节-全防护, 5, 5, 1, 0, 1, 2026-09-13 21:33:33, 1, 2026-09-13 21:33:33
<==        Row: 6, style_8k_sanjie, 8K极窄两节不要下边框, 6, 6, 1, 0, 1, 2026-09-13 21:33:33, 1, 2026-09-13 21:33:33
<==        Row: 7, style_8k_sanjie, 8K极窄四节-4节纱, 7, 7, 1, 0, 1, 2026-09-13 21:33:33, 1, 2026-09-13 21:33:33
<==        Row: 8, style_8k_sanjie, 8K极窄两节-全防护, 8, 8, 1, 0, 1, 2026-09-13 21:33:33, 1, 2026-09-13 21:33:33
<==        Row: 9, style_8k_sanjie, 8K极窄三节小缺口, 9, 9, 1, 0, 1, 2026-09-13 21:33:33, 1, 2026-09-13 21:33:33
<==        Row: 10, style_8k_sanjie, 8K大料两节, 10, 10, 1, 0, 1, 2026-09-13 21:33:33, 1, 2026-09-14 22:35:47
<==        Row: 13, style_kuangzhongkuang, 金刚网框中框, 11, 11, 1, 0, 1, 2026-09-14 22:24:21, 1, 2026-09-14 22:35:35
<==        Row: 16, style_kuangzhongkuang, 测试123, 15, 15, 1, 0, 1, 2026-09-17 23:08:41, 1, 2026-09-17 23:08:41
<==      Total: 12
Closing non transactional SqlSession [org.apache.ibatis.session.defaults.DefaultSqlSession@c7cbcf8]
Creating a new SqlSession
SqlSession [org.apache.ibatis.session.defaults.DefaultSqlSession@509d282] was not registered for synchronization because synchronization is not active
JDBC Connection [HikariProxyConnection@204398896 wrapping com.mysql.cj.jdbc.ConnectionImpl@537702e9] will not be managed by Spring
==>  Preparing: SELECT order_id,order_no,order_status,order_type,customer_id,customer_name,contact,phone,address,order_date,expect_date,total_area,projection_area,big_board_num,product_amount,craft_fee,urgent_fee,freight,discount_amount,total_amount,finance_status,paid_amount,receive_amount,unpaid_amount,profit_amount,gross_profit_rate,sub_order_count,receive_time,audit_by,audit_time,reject_reason,delivery_time,finish_time,cancel_reason,remark,brand,unit,install_type,designer,splitter,salesman,logistics,terminal_address,customer_source,create_by,create_time,update_by,update_time,del_flag FROM t_sales_order WHERE order_id=? AND del_flag=0
==> Parameters: 10(Long)
<==    Columns: order_id, order_no, order_status, order_type, customer_id, customer_name, contact, phone, address, order_date, expect_date, total_area, projection_area, big_board_num, product_amount, craft_fee, urgent_fee, freight, discount_amount, total_amount, finance_status, paid_amount, receive_amount, unpaid_amount, profit_amount, gross_profit_rate, sub_order_count, receive_time, audit_by, audit_time, reject_reason, delivery_time, finish_time, cancel_reason, remark, brand, unit, install_type, designer, splitter, salesman, logistics, terminal_address, customer_source, create_by, create_time, update_by, update_time, del_flag
<==        Row: 10, SO20260924001, 0, 正常单, 17, 彭宇, 登录二维码, 1, null, 2026-09-24, 2026-09-25, 0.0000, 0.0000, 0, 0.00, 0.00, 0.00, 0.00, 0.00, 0.00, 0, 0.00, 0.00, 0.00, 0.00, 0.0000, 1, null, null, null, null, null, null, null, 1, 1, 套, 客户安装, 1, 1, 1, , 1, , 1, 2026-09-24 14:01:34, 1, 2026-09-24 14:01:34, 0
<==      Total: 1
Closing non transactional SqlSession [org.apache.ibatis.session.defaults.DefaultSqlSession@509d282]
Creating a new SqlSession
SqlSession [org.apache.ibatis.session.defaults.DefaultSqlSession@621d7909] was not registered for synchronization because synchronization is not active
JDBC Connection [HikariProxyConnection@1877628370 wrapping com.mysql.cj.jdbc.ConnectionImpl@537702e9] will not be managed by Spring
==>  Preparing: SELECT item_id,order_id,sub_order_no,product_id,product_name,product_type,item_category,dict_type,color,net_material,handle,lock_set,handle_direction,add_rod,fixed_bottom,square_board,material,open_direction,unit_price,width,height,deduct_width,net_width,single_area,min_area,calc_type,charge_area,num,unit,item_total_area,line_amount,item_status,sale_price_type,freight,receive_amount,profit_amount,sales_owner,process_code,process_name,flow_status,produce_progress,work_order_id,remark FROM t_sales_order_item WHERE (order_id = ?) ORDER BY item_id ASC
==> Parameters: 10(Long)
<==    Columns: item_id, order_id, sub_order_no, product_id, product_name, product_type, item_category, dict_type, color, net_material, handle, lock_set, handle_direction, add_rod, fixed_bottom, square_board, material, open_direction, unit_price, width, height, deduct_width, net_width, single_area, min_area, calc_type, charge_area, num, unit, item_total_area, line_amount, item_status, sale_price_type, freight, receive_amount, profit_amount, sales_owner, process_code, process_name, flow_status, produce_progress, work_order_id, remark
<==        Row: 16, 10, SO20260924001-01, null, 8K极窄三节-全防护, 8K三节系列, 8K三节系列, style_8k_sanjie, 1, 1, 1, 1, 1, 1, 1, 1, 1, 1, 10000.00, 1.00, 1.00, 0.00, 1.00, 0.0000, 0.0000, 1, 0.0000, 1, 套, 0.0000, 0.00, 0, 1, 0.00, 0.00, 0.00, , null, null, null, 0, null, 
<==      Total: 1
Closing non transactional SqlSession [org.apache.ibatis.session.defaults.DefaultSqlSession@621d7909]
Creating a new SqlSession
Creating a new SqlSession
Creating a new SqlSession
SqlSession [org.apache.ibatis.session.defaults.DefaultSqlSession@19402b76] was not registered for synchronization because synchronization is not active
SqlSession [org.apache.ibatis.session.defaults.DefaultSqlSession@c687dac] was not registered for synchronization because synchronization is not active
SqlSession [org.apache.ibatis.session.defaults.DefaultSqlSession@533d17a1] was not registered for synchronization because synchronization is not active
JDBC Connection [HikariProxyConnection@898609457 wrapping com.mysql.cj.jdbc.ConnectionImpl@2d93ff50] will not be managed by Spring
JDBC Connection [HikariProxyConnection@1579325329 wrapping com.mysql.cj.jdbc.ConnectionImpl@537702e9] will not be managed by Spring
JDBC Connection [HikariProxyConnection@1616477726 wrapping com.mysql.cj.jdbc.ConnectionImpl@3018ec8] will not be managed by Spring
==>  Preparing: SELECT order_id FROM t_sales_order WHERE del_flag=0 AND (order_date >= ? AND order_date <= ?)
==>  Preparing: SELECT order_id FROM t_sales_order WHERE del_flag=0 AND (order_date >= ? AND order_date <= ?)
==>  Preparing: SELECT id,dict_type,dict_name,status,del_flag,create_by,create_time,update_by,update_time FROM sys_dict_type WHERE del_flag=0 AND ((dict_type LIKE ? OR dict_type IN (?,?,?,?,?,?,?,?,?,?,?,?,?,?,?)) AND (status IS NULL OR status = ?))
==> Parameters: 2026-07-24(LocalDate), 2026-09-24(LocalDate)
==> Parameters: style%(String), color(String), net(String), material(String), handle(String), lock(String), handle_direction(String), add_rod(String), fixed_bottom(String), square_board(String), open_direction(String), order_type(String), install_type(String), customer_source(String), logistics(String), unit(String), 1(Integer)
==> Parameters: 2026-07-24(LocalDate), 2026-09-24(LocalDate)
<==    Columns: order_id
<==        Row: 6
<==    Columns: order_id
<==        Row: 6
<==        Row: 7
<==    Columns: id, dict_type, dict_name, status, del_flag, create_by, create_time, update_by, update_time
<==        Row: 8
<==        Row: 7
<==        Row: 9
<==        Row: 1, style_kuangzhongkuang, 框中框系列, 1, 0, 1, 2026-09-13 21:32:28, 1, 2026-09-13 21:32:28
<==        Row: 10
<==        Row: 8
<==      Total: 5
<==        Row: 2, style_sanjie, 三节系列, 1, 0, 1, 2026-09-13 21:32:28, 1, 2026-09-13 21:32:28
Closing non transactional SqlSession [org.apache.ibatis.session.defaults.DefaultSqlSession@533d17a1]
<==        Row: 9
Creating a new SqlSession
<==        Row: 3, style_8k_sanjie, 8K三节系列, 1, 0, 1, 2026-09-13 21:32:28, 1, 2026-09-13 21:32:28
SqlSession [org.apache.ibatis.session.defaults.DefaultSqlSession@7b53927c] was not registered for synchronization because synchronization is not active
<==        Row: 10
<==        Row: 4, style_8k_chaixi, 8K拆洗系列, 1, 0, 1, 2026-09-13 21:32:28, 1, 2026-09-13 21:32:28
<==      Total: 5
<==      Total: 4
Closing non transactional SqlSession [org.apache.ibatis.session.defaults.DefaultSqlSession@19402b76]
Closing non transactional SqlSession [org.apache.ibatis.session.defaults.DefaultSqlSession@c687dac]
Creating a new SqlSession
Creating a new SqlSession
SqlSession [org.apache.ibatis.session.defaults.DefaultSqlSession@57151f2a] was not registered for synchronization because synchronization is not active
SqlSession [org.apache.ibatis.session.defaults.DefaultSqlSession@c7f78e9] was not registered for synchronization because synchronization is not active
JDBC Connection [HikariProxyConnection@614784372 wrapping com.mysql.cj.jdbc.ConnectionImpl@537702e9] will not be managed by Spring
JDBC Connection [HikariProxyConnection@1620147181 wrapping com.mysql.cj.jdbc.ConnectionImpl@2d93ff50] will not be managed by Spring
==>  Preparing: SELECT COUNT(*) AS total FROM t_sales_order_item WHERE (order_id IN (?, ?, ?, ?, ?))
JDBC Connection [HikariProxyConnection@1089449229 wrapping com.mysql.cj.jdbc.ConnectionImpl@3018ec8] will not be managed by Spring
==>  Preparing: SELECT IFNULL(SUM(num),0) AS total_num,IFNULL(SUM(item_total_area),0) AS total_area,IFNULL(SUM(line_amount),0) AS total_amount,IFNULL(SUM(freight),0) AS total_freight,COUNT(*) AS total_rows FROM t_sales_order_item WHERE (order_id IN (?,?,?,?,?))
==>  Preparing: SELECT id,dict_type,dict_label,dict_value,sort,status,del_flag,create_by,create_time,update_by,update_time FROM sys_dict_data WHERE del_flag=0 AND (dict_type IN (?,?,?,?) AND (status IS NULL OR status = ?)) ORDER BY dict_type ASC,sort ASC
==> Parameters: 6(Long), 7(Long), 8(Long), 9(Long), 10(Long)
==> Parameters: style_8k_chaixi(String), style_sanjie(String), style_kuangzhongkuang(String), style_8k_sanjie(String), 1(Integer)
==> Parameters: 6(Long), 7(Long), 8(Long), 9(Long), 10(Long)
<==    Columns: total
<==        Row: 7
<==    Columns: id, dict_type, dict_label, dict_value, sort, status, del_flag, create_by, create_time, update_by, update_time
<==    Columns: total_num, total_area, total_amount, total_freight, total_rows
<==        Row: 1, style_8k_sanjie, 8K大料三节, 1, 1, 1, 0, 1, 2026-09-13 21:33:33, 1, 2026-09-13 21:33:33
<==      Total: 1
<==        Row: 2, style_8k_sanjie, 8K极窄三节, 2, 2, 1, 0, 1, 2026-09-13 21:33:33, 1, 2026-09-13 21:33:33
<==        Row: 13, 4803.7360, 461447.23, 0.00, 7
<==        Row: 3, style_8k_sanjie, 8K极窄两节, 3, 3, 1, 0, 1, 2026-09-13 21:33:33, 1, 2026-09-13 21:33:33
==>  Preparing: SELECT item_id,order_id,sub_order_no,product_id,product_name,product_type,item_category,dict_type,color,net_material,handle,lock_set,handle_direction,add_rod,fixed_bottom,square_board,material,open_direction,unit_price,width,height,deduct_width,net_width,single_area,min_area,calc_type,charge_area,num,unit,item_total_area,line_amount,item_status,sale_price_type,freight,receive_amount,profit_amount,sales_owner,process_code,process_name,flow_status,produce_progress,work_order_id,remark FROM t_sales_order_item WHERE (order_id IN (?,?,?,?,?)) ORDER BY order_id DESC,item_id ASC LIMIT ?
<==      Total: 1
<==        Row: 4, style_8k_sanjie, 8K极窄三节小窗口, 4, 4, 1, 0, 1, 2026-09-13 21:33:33, 1, 2026-09-13 21:33:33
Closing non transactional SqlSession [org.apache.ibatis.session.defaults.DefaultSqlSession@57151f2a]
==> Parameters: 6(Long), 7(Long), 8(Long), 9(Long), 10(Long), 20(Long)
Creating a new SqlSession
<==        Row: 5, style_8k_sanjie, 8K极窄三节-全防护, 5, 5, 1, 0, 1, 2026-09-13 21:33:33, 1, 2026-09-13 21:33:33
SqlSession [org.apache.ibatis.session.defaults.DefaultSqlSession@230d539b] was not registered for synchronization because synchronization is not active
<==        Row: 6, style_8k_sanjie, 8K极窄两节不要下边框, 6, 6, 1, 0, 1, 2026-09-13 21:33:33, 1, 2026-09-13 21:33:33
<==    Columns: item_id, order_id, sub_order_no, product_id, product_name, product_type, item_category, dict_type, color, net_material, handle, lock_set, handle_direction, add_rod, fixed_bottom, square_board, material, open_direction, unit_price, width, height, deduct_width, net_width, single_area, min_area, calc_type, charge_area, num, unit, item_total_area, line_amount, item_status, sale_price_type, freight, receive_amount, profit_amount, sales_owner, process_code, process_name, flow_status, produce_progress, work_order_id, remark
<==        Row: 7, style_8k_sanjie, 8K极窄四节-4节纱, 7, 7, 1, 0, 1, 2026-09-13 21:33:33, 1, 2026-09-13 21:33:33
JDBC Connection [HikariProxyConnection@388460638 wrapping com.mysql.cj.jdbc.ConnectionImpl@2d93ff50] will not be managed by Spring
<==        Row: 8, style_8k_sanjie, 8K极窄两节-全防护, 8, 8, 1, 0, 1, 2026-09-13 21:33:33, 1, 2026-09-13 21:33:33
<==        Row: 16, 10, SO20260924001-01, null, 8K极窄三节-全防护, 8K三节系列, 8K三节系列, style_8k_sanjie, 1, 1, 1, 1, 1, 1, 1, 1, 1, 1, 10000.00, 1.00, 1.00, 0.00, 1.00, 0.0000, 0.0000, 1, 0.0000, 1, 套, 0.0000, 0.00, 0, 1, 0.00, 0.00, 0.00, , null, null, null, 0, null, 
<==        Row: 9, style_8k_sanjie, 8K极窄三节小缺口, 9, 9, 1, 0, 1, 2026-09-13 21:33:33, 1, 2026-09-13 21:33:33
==>  Preparing: SELECT order_id,order_no,order_status,order_type,customer_id,customer_name,contact,phone,address,order_date,expect_date,total_area,projection_area,big_board_num,product_amount,craft_fee,urgent_fee,freight,discount_amount,total_amount,finance_status,paid_amount,receive_amount,unpaid_amount,profit_amount,gross_profit_rate,sub_order_count,receive_time,audit_by,audit_time,reject_reason,delivery_time,finish_time,cancel_reason,remark,brand,unit,install_type,designer,splitter,salesman,logistics,terminal_address,customer_source,create_by,create_time,update_by,update_time,del_flag FROM t_sales_order WHERE order_id IN ( ? , ? , ? , ? , ? ) AND del_flag=0
<==        Row: 10, style_8k_sanjie, 8K大料两节, 10, 10, 1, 0, 1, 2026-09-13 21:33:33, 1, 2026-09-14 22:35:47
==> Parameters: 6(Long), 7(Long), 8(Long), 9(Long), 10(Long)
<==        Row: 15, 9, SO20260922002-01, null, 8K极窄四节-4节纱, 8K三节系列, 8K三节系列, style_8k_sanjie, 无, 无, 无, 无, 无, 无, 无, 无, 无, 无, 96.00, 60000.00, 80000.00, 0.00, 60000.00, 4800.0000, 0.0000, 1, 4800.0000, 1, 套, 4800.0000, 460800.00, 2, 1, 0.00, 0.00, 0.00, , null, null, null, 0, 4, 
<==        Row: 13, style_kuangzhongkuang, 金刚网框中框, 11, 11, 1, 0, 1, 2026-09-14 22:24:21, 1, 2026-09-14 22:35:35
<==        Row: 16, style_kuangzhongkuang, 测试123, 15, 15, 1, 0, 1, 2026-09-17 23:08:41, 1, 2026-09-17 23:08:41
<==      Total: 12
<==    Columns: order_id, order_no, order_status, order_type, customer_id, customer_name, contact, phone, address, order_date, expect_date, total_area, projection_area, big_board_num, product_amount, craft_fee, urgent_fee, freight, discount_amount, total_amount, finance_status, paid_amount, receive_amount, unpaid_amount, profit_amount, gross_profit_rate, sub_order_count, receive_time, audit_by, audit_time, reject_reason, delivery_time, finish_time, cancel_reason, remark, brand, unit, install_type, designer, splitter, salesman, logistics, terminal_address, customer_source, create_by, create_time, update_by, update_time, del_flag
Closing non transactional SqlSession [org.apache.ibatis.session.defaults.DefaultSqlSession@c7f78e9]
<==        Row: 6, SO20260919001, 5, 正常单, 1, 北辰辰玺, 张经理, 13800001111, null, 2026-09-19, 2026-09-30, 3.0540, 12.5000, 3, 583.27, 100.00, 0.00, 80.00, 50.00, 713.27, 3, 300.00, 300.00, 413.27, 180.00, 0.2524, 2, 2026-09-19 10:38:13, 2, 2026-09-19 10:38:12, null, 2026-09-19 10:38:19, 2026-09-19 10:38:19, null, 订单管理模块联调测试单，请勿删除, 固贤, 套, 客户安装, 李设计, 王拆单, 陈业务, 顺丰物流, 长沙市雨花区北辰三角洲 3 栋 1802, 老客户转介绍, 2, 2026-09-19 10:38:12, 2, 2026-09-19 10:38:19, 0
<==        Row: 7, SO20260919002, 5, 正常单, 22, 李桌, 登录二维码, 15898405119, null, 2026-09-19, 2026-09-26, 0.4320, 10.0000, 12, 10.20, 0.00, 0.00, 0.00, 0.00, 10.20, 0, 0.00, 0.00, 10.20, 0.00, 0.0000, 1, null, 2, 2026-09-19 11:18:03, null, 2026-09-22 23:41:40, 2026-09-24 13:48:24, null, 测试用, 框中款, 套, 自行安装, 卢工, 刘工, 卢工, 顺丰, 长沙, 抖音, 1, 2026-09-19 11:10:07, 1, 2026-09-24 13:48:24, 0
<==        Row: 8, SO20260922001, 5, 加急单, 21, 邓劲松, 登录二维码, 17378089633, null, 2026-09-22, 2026-09-30, 0.2500, 0.0000, 0, 53.76, 0.00, 0.00, 0.00, 0.00, 53.76, 2, 53.76, 53.76, 0.00, 0.00, 0.0000, 2, 2026-09-22 23:55:55, 1, 2026-09-22 23:39:26, null, 2026-09-22 23:53:52, 2026-09-22 23:53:52, null, 加急加急, 框中框, 套, 自行安装, 卢工, 卢工, 卢工, 顺丰, 杭州余杭区仓益绿苑, 抖音, 1, 2026-09-22 23:38:06, 1, 2026-09-22 23:55:55, 0
<==        Row: 13, 8, SO20260922001-01, null, 金刚网框中框, 框中框系列, 框中框系列, style_kuangzhongkuang, 红, 纱网, 铁把手, 卡扣, 右, 不加, 无, 无, 金刚, 无, 160.00, 200.00, 600.00, 50.00, 150.00, 0.0900, 0.0000, 1, 0.0900, 1, 套, 0.0900, 14.40, 5, 1, 0.00, 0.00, 0.00, , null, null, null, 100, 3, 
<==        Row: 9, SO20260922002, 2, 正常单, 25, 马科斯门窗, 登录二维码, 15986963265, null, 2026-09-22, 2026-09-30, 4800.0000, 0.0000, 0, 460800.00, 0.00, 0.00, 0.00, 0.00, 460800.00, 0, 0.00, 0.00, 460800.00, 0.00, 0.0000, 1, null, 1, 2026-09-22 23:58:32, null, null, null, null, , , 套, 客户安装, , , , 京东, 杭州, , 1, 2026-09-22 23:58:12, 1, 2026-09-22 23:59:03, 0
<==        Row: 14, 8, SO20260922001-02, null, 8K大料三节, 8K三节系列, 8K三节系列, style_8k_sanjie, 绿, 纱网, 无, 无, 无, 不加, 无, 无, 无, 无, 246.00, 300.00, 800.00, 100.00, 200.00, 0.1600, 0.0000, 1, 0.1600, 1, 套, 0.1600, 39.36, 5, 1, 0.00, 0.00, 0.00, , null, null, null, 100, 3, 
<==        Row: 10, SO20260924001, 0, 正常单, 17, 彭宇, 登录二维码, 1, null, 2026-09-24, 2026-09-25, 0.0000, 0.0000, 0, 0.00, 0.00, 0.00, 0.00, 0.00, 0.00, 0, 0.00, 0.00, 0.00, 0.00, 0.0000, 1, null, null, null, null, null, null, null, 1, 1, 套, 客户安装, 1, 1, 1, , 1, , 1, 2026-09-24 14:01:34, 1, 2026-09-24 14:01:34, 0
<==      Total: 5
<==        Row: 10, 7, SO20260919002-01, null, 8K大料三节, 8K三节系列, 8K三节系列, style_8k_sanjie, 无, 无, 无, 无, 无, 无, 无, 无, 无, 无, 23.60, 200.00, 400.00, 20.00, 180.00, 0.0720, 0.0000, 1, 0.0720, 6, 套, 0.4320, 10.20, 5, 1, 0.00, 0.00, 0.00, , null, null, null, 0, 2, 
Closing non transactional SqlSession [org.apache.ibatis.session.defaults.DefaultSqlSession@230d539b]
<==        Row: 8, 6, SO20260919001-01, null, 8K大料三节, 8K三节系列, 8K三节系列, style_8k_sanjie, 金刚灰, 8K金刚网, 锌合金把手, 月牙锁, 左, 加一根, 下固定50, 5号方板, null, 外开, 168.00, 1210.00, 710.00, 10.00, 1200.00, 0.8520, 0.0000, 1, 0.8520, 2, 套, 1.7040, 286.27, 5, 1, 0.00, 0.00, 120.00, 文员小张, null, null, null, 100, null, 客厅用
<==        Row: 9, 6, SO20260919001-02, null, 金刚网框中框, 框中框系列, 框中框系列, style_kuangzhongkuang, 香槟金, 不锈钢网, 塑料把手, 按锁, 右, 不加杆, 无, null, null, 内开, 220.00, 900.00, 1500.00, 0.00, 900.00, 1.3500, 0.0000, 1, 1.3500, 1, 套, 1.3500, 297.00, 5, 1, 0.00, 0.00, 60.00, 文员小张, null, null, null, 100, null, 卧室用
<==      Total: 7
Closing non transactional SqlSession [org.apache.ibatis.session.defaults.DefaultSqlSession@7b53927c]
Creating a new SqlSession
SqlSession [org.apache.ibatis.session.defaults.DefaultSqlSession@2fd38c48] was not registered for synchronization because synchronization is not active
JDBC Connection [HikariProxyConnection@2101988968 wrapping com.mysql.cj.jdbc.ConnectionImpl@537702e9] will not be managed by Spring
==>  Preparing: SELECT order_id,order_no,order_status,order_type,customer_id,customer_name,contact,phone,address,order_date,expect_date,total_area,projection_area,big_board_num,product_amount,craft_fee,urgent_fee,freight,discount_amount,total_amount,finance_status,paid_amount,receive_amount,unpaid_amount,profit_amount,gross_profit_rate,sub_order_count,receive_time,audit_by,audit_time,reject_reason,delivery_time,finish_time,cancel_reason,remark,brand,unit,install_type,designer,splitter,salesman,logistics,terminal_address,customer_source,create_by,create_time,update_by,update_time,del_flag FROM t_sales_order WHERE order_id IN ( ? , ? , ? , ? , ? ) AND del_flag=0
==> Parameters: 10(Long), 9(Long), 8(Long), 7(Long), 6(Long)
<==    Columns: order_id, order_no, order_status, order_type, customer_id, customer_name, contact, phone, address, order_date, expect_date, total_area, projection_area, big_board_num, product_amount, craft_fee, urgent_fee, freight, discount_amount, total_amount, finance_status, paid_amount, receive_amount, unpaid_amount, profit_amount, gross_profit_rate, sub_order_count, receive_time, audit_by, audit_time, reject_reason, delivery_time, finish_time, cancel_reason, remark, brand, unit, install_type, designer, splitter, salesman, logistics, terminal_address, customer_source, create_by, create_time, update_by, update_time, del_flag
<==        Row: 6, SO20260919001, 5, 正常单, 1, 北辰辰玺, 张经理, 13800001111, null, 2026-09-19, 2026-09-30, 3.0540, 12.5000, 3, 583.27, 100.00, 0.00, 80.00, 50.00, 713.27, 3, 300.00, 300.00, 413.27, 180.00, 0.2524, 2, 2026-09-19 10:38:13, 2, 2026-09-19 10:38:12, null, 2026-09-19 10:38:19, 2026-09-19 10:38:19, null, 订单管理模块联调测试单，请勿删除, 固贤, 套, 客户安装, 李设计, 王拆单, 陈业务, 顺丰物流, 长沙市雨花区北辰三角洲 3 栋 1802, 老客户转介绍, 2, 2026-09-19 10:38:12, 2, 2026-09-19 10:38:19, 0
<==        Row: 7, SO20260919002, 5, 正常单, 22, 李桌, 登录二维码, 15898405119, null, 2026-09-19, 2026-09-26, 0.4320, 10.0000, 12, 10.20, 0.00, 0.00, 0.00, 0.00, 10.20, 0, 0.00, 0.00, 10.20, 0.00, 0.0000, 1, null, 2, 2026-09-19 11:18:03, null, 2026-09-22 23:41:40, 2026-09-24 13:48:24, null, 测试用, 框中款, 套, 自行安装, 卢工, 刘工, 卢工, 顺丰, 长沙, 抖音, 1, 2026-09-19 11:10:07, 1, 2026-09-24 13:48:24, 0
<==        Row: 8, SO20260922001, 5, 加急单, 21, 邓劲松, 登录二维码, 17378089633, null, 2026-09-22, 2026-09-30, 0.2500, 0.0000, 0, 53.76, 0.00, 0.00, 0.00, 0.00, 53.76, 2, 53.76, 53.76, 0.00, 0.00, 0.0000, 2, 2026-09-22 23:55:55, 1, 2026-09-22 23:39:26, null, 2026-09-22 23:53:52, 2026-09-22 23:53:52, null, 加急加急, 框中框, 套, 自行安装, 卢工, 卢工, 卢工, 顺丰, 杭州余杭区仓益绿苑, 抖音, 1, 2026-09-22 23:38:06, 1, 2026-09-22 23:55:55, 0
<==        Row: 9, SO20260922002, 2, 正常单, 25, 马科斯门窗, 登录二维码, 15986963265, null, 2026-09-22, 2026-09-30, 4800.0000, 0.0000, 0, 460800.00, 0.00, 0.00, 0.00, 0.00, 460800.00, 0, 0.00, 0.00, 460800.00, 0.00, 0.0000, 1, null, 1, 2026-09-22 23:58:32, null, null, null, null, , , 套, 客户安装, , , , 京东, 杭州, , 1, 2026-09-22 23:58:12, 1, 2026-09-22 23:59:03, 0
<==        Row: 10, SO20260924001, 0, 正常单, 17, 彭宇, 登录二维码, 1, null, 2026-09-24, 2026-09-25, 0.0000, 0.0000, 0, 0.00, 0.00, 0.00, 0.00, 0.00, 0.00, 0, 0.00, 0.00, 0.00, 0.00, 0.0000, 1, null, null, null, null, null, null, null, 1, 1, 套, 客户安装, 1, 1, 1, , 1, , 1, 2026-09-24 14:01:34, 1, 2026-09-24 14:01:34, 0
<==      Total: 5
Closing non transactional SqlSession [org.apache.ibatis.session.defaults.DefaultSqlSession@2fd38c48]
Creating a new SqlSession
SqlSession [org.apache.ibatis.session.defaults.DefaultSqlSession@18226b65] was not registered for synchronization because synchronization is not active
JDBC Connection [HikariProxyConnection@1942041272 wrapping com.mysql.cj.jdbc.ConnectionImpl@537702e9] will not be managed by Spring
==>  Preparing: SELECT COUNT(*) AS total FROM t_sales_order WHERE del_flag = 0
==> Parameters: 
<==    Columns: total
<==        Row: 5
<==      Total: 1
==>  Preparing: SELECT order_id,order_no,order_status,order_type,customer_id,customer_name,contact,phone,address,order_date,expect_date,total_area,projection_area,big_board_num,product_amount,craft_fee,urgent_fee,freight,discount_amount,total_amount,finance_status,paid_amount,receive_amount,unpaid_amount,profit_amount,gross_profit_rate,sub_order_count,receive_time,audit_by,audit_time,reject_reason,delivery_time,finish_time,cancel_reason,remark,brand,unit,install_type,designer,splitter,salesman,logistics,terminal_address,customer_source,create_by,create_time,update_by,update_time,del_flag FROM t_sales_order WHERE del_flag=0 ORDER BY order_id DESC LIMIT ?
==> Parameters: 20(Long)
<==    Columns: order_id, order_no, order_status, order_type, customer_id, customer_name, contact, phone, address, order_date, expect_date, total_area, projection_area, big_board_num, product_amount, craft_fee, urgent_fee, freight, discount_amount, total_amount, finance_status, paid_amount, receive_amount, unpaid_amount, profit_amount, gross_profit_rate, sub_order_count, receive_time, audit_by, audit_time, reject_reason, delivery_time, finish_time, cancel_reason, remark, brand, unit, install_type, designer, splitter, salesman, logistics, terminal_address, customer_source, create_by, create_time, update_by, update_time, del_flag
<==        Row: 10, SO20260924001, 0, 正常单, 17, 彭宇, 登录二维码, 1, null, 2026-09-24, 2026-09-25, 0.0000, 0.0000, 0, 0.00, 0.00, 0.00, 0.00, 0.00, 0.00, 0, 0.00, 0.00, 0.00, 0.00, 0.0000, 1, null, null, null, null, null, null, null, 1, 1, 套, 客户安装, 1, 1, 1, , 1, , 1, 2026-09-24 14:01:34, 1, 2026-09-24 14:01:34, 0
<==        Row: 9, SO20260922002, 2, 正常单, 25, 马科斯门窗, 登录二维码, 15986963265, null, 2026-09-22, 2026-09-30, 4800.0000, 0.0000, 0, 460800.00, 0.00, 0.00, 0.00, 0.00, 460800.00, 0, 0.00, 0.00, 460800.00, 0.00, 0.0000, 1, null, 1, 2026-09-22 23:58:32, null, null, null, null, , , 套, 客户安装, , , , 京东, 杭州, , 1, 2026-09-22 23:58:12, 1, 2026-09-22 23:59:03, 0
<==        Row: 8, SO20260922001, 5, 加急单, 21, 邓劲松, 登录二维码, 17378089633, null, 2026-09-22, 2026-09-30, 0.2500, 0.0000, 0, 53.76, 0.00, 0.00, 0.00, 0.00, 53.76, 2, 53.76, 53.76, 0.00, 0.00, 0.0000, 2, 2026-09-22 23:55:55, 1, 2026-09-22 23:39:26, null, 2026-09-22 23:53:52, 2026-09-22 23:53:52, null, 加急加急, 框中框, 套, 自行安装, 卢工, 卢工, 卢工, 顺丰, 杭州余杭区仓益绿苑, 抖音, 1, 2026-09-22 23:38:06, 1, 2026-09-22 23:55:55, 0
<==        Row: 7, SO20260919002, 5, 正常单, 22, 李桌, 登录二维码, 15898405119, null, 2026-09-19, 2026-09-26, 0.4320, 10.0000, 12, 10.20, 0.00, 0.00, 0.00, 0.00, 10.20, 0, 0.00, 0.00, 10.20, 0.00, 0.0000, 1, null, 2, 2026-09-19 11:18:03, null, 2026-09-22 23:41:40, 2026-09-24 13:48:24, null, 测试用, 框中款, 套, 自行安装, 卢工, 刘工, 卢工, 顺丰, 长沙, 抖音, 1, 2026-09-19 11:10:07, 1, 2026-09-24 13:48:24, 0
<==        Row: 6, SO20260919001, 5, 正常单, 1, 北辰辰玺, 张经理, 13800001111, null, 2026-09-19, 2026-09-30, 3.0540, 12.5000, 3, 583.27, 100.00, 0.00, 80.00, 50.00, 713.27, 3, 300.00, 300.00, 413.27, 180.00, 0.2524, 2, 2026-09-19 10:38:13, 2, 2026-09-19 10:38:12, null, 2026-09-19 10:38:19, 2026-09-19 10:38:19, null, 订单管理模块联调测试单，请勿删除, 固贤, 套, 客户安装, 李设计, 王拆单, 陈业务, 顺丰物流, 长沙市雨花区北辰三角洲 3 栋 1802, 老客户转介绍, 2, 2026-09-19 10:38:12, 2, 2026-09-19 10:38:19, 0
<==      Total: 5
Closing non transactional SqlSession [org.apache.ibatis.session.defaults.DefaultSqlSession@18226b65]
Creating a new SqlSession
Creating a new SqlSession
Creating a new SqlSession
SqlSession [org.apache.ibatis.session.defaults.DefaultSqlSession@6ab98642] was not registered for synchronization because synchronization is not active
SqlSession [org.apache.ibatis.session.defaults.DefaultSqlSession@40ce0f8d] was not registered for synchronization because synchronization is not active
SqlSession [org.apache.ibatis.session.defaults.DefaultSqlSession@5219f57b] was not registered for synchronization because synchronization is not active
JDBC Connection [HikariProxyConnection@572431066 wrapping com.mysql.cj.jdbc.ConnectionImpl@3018ec8] will not be managed by Spring
JDBC Connection [HikariProxyConnection@132606459 wrapping com.mysql.cj.jdbc.ConnectionImpl@2d93ff50] will not be managed by Spring
JDBC Connection [HikariProxyConnection@105671456 wrapping com.mysql.cj.jdbc.ConnectionImpl@537702e9] will not be managed by Spring
==>  Preparing: SELECT order_id FROM t_sales_order WHERE del_flag=0 AND (order_date >= ? AND order_date <= ?)
==>  Preparing: SELECT id,dict_type,dict_name,status,del_flag,create_by,create_time,update_by,update_time FROM sys_dict_type WHERE del_flag=0 AND ((dict_type LIKE ? OR dict_type IN (?,?,?,?,?,?,?,?,?,?,?,?,?,?,?)) AND (status IS NULL OR status = ?))
==> Parameters: 2026-07-24(LocalDate), 2026-09-24(LocalDate)
==>  Preparing: SELECT order_id FROM t_sales_order WHERE del_flag=0 AND (order_date >= ? AND order_date <= ?)
==> Parameters: style%(String), color(String), net(String), material(String), handle(String), lock(String), handle_direction(String), add_rod(String), fixed_bottom(String), square_board(String), open_direction(String), order_type(String), install_type(String), customer_source(String), logistics(String), unit(String), 1(Integer)
==> Parameters: 2026-07-24(LocalDate), 2026-09-24(LocalDate)
<==    Columns: order_id
<==        Row: 6
<==    Columns: order_id
<==        Row: 6
<==    Columns: id, dict_type, dict_name, status, del_flag, create_by, create_time, update_by, update_time
<==        Row: 7
<==        Row: 1, style_kuangzhongkuang, 框中框系列, 1, 0, 1, 2026-09-13 21:32:28, 1, 2026-09-13 21:32:28
<==        Row: 7
<==        Row: 2, style_sanjie, 三节系列, 1, 0, 1, 2026-09-13 21:32:28, 1, 2026-09-13 21:32:28
<==        Row: 8
<==        Row: 3, style_8k_sanjie, 8K三节系列, 1, 0, 1, 2026-09-13 21:32:28, 1, 2026-09-13 21:32:28
<==        Row: 8
<==        Row: 4, style_8k_chaixi, 8K拆洗系列, 1, 0, 1, 2026-09-13 21:32:28, 1, 2026-09-13 21:32:28
<==        Row: 9
<==      Total: 4
<==        Row: 9
Closing non transactional SqlSession [org.apache.ibatis.session.defaults.DefaultSqlSession@6ab98642]
<==        Row: 10
Creating a new SqlSession
<==        Row: 10
SqlSession [org.apache.ibatis.session.defaults.DefaultSqlSession@3dbc927d] was not registered for synchronization because synchronization is not active
<==      Total: 5
<==      Total: 5
Closing non transactional SqlSession [org.apache.ibatis.session.defaults.DefaultSqlSession@5219f57b]
JDBC Connection [HikariProxyConnection@454133790 wrapping com.mysql.cj.jdbc.ConnectionImpl@3018ec8] will not be managed by Spring
Closing non transactional SqlSession [org.apache.ibatis.session.defaults.DefaultSqlSession@40ce0f8d]
==>  Preparing: SELECT id,dict_type,dict_label,dict_value,sort,status,del_flag,create_by,create_time,update_by,update_time FROM sys_dict_data WHERE del_flag=0 AND (dict_type IN (?,?,?,?) AND (status IS NULL OR status = ?)) ORDER BY dict_type ASC,sort ASC
Creating a new SqlSession
Creating a new SqlSession
==> Parameters: style_8k_chaixi(String), style_sanjie(String), style_kuangzhongkuang(String), style_8k_sanjie(String), 1(Integer)
SqlSession [org.apache.ibatis.session.defaults.DefaultSqlSession@401a551c] was not registered for synchronization because synchronization is not active
SqlSession [org.apache.ibatis.session.defaults.DefaultSqlSession@2f8ec894] was not registered for synchronization because synchronization is not active
JDBC Connection [HikariProxyConnection@1563804233 wrapping com.mysql.cj.jdbc.ConnectionImpl@2d93ff50] will not be managed by Spring
==>  Preparing: SELECT IFNULL(SUM(num),0) AS total_num,IFNULL(SUM(item_total_area),0) AS total_area,IFNULL(SUM(line_amount),0) AS total_amount,IFNULL(SUM(freight),0) AS total_freight,COUNT(*) AS total_rows FROM t_sales_order_item WHERE (order_id IN (?,?,?,?,?))
<==    Columns: id, dict_type, dict_label, dict_value, sort, status, del_flag, create_by, create_time, update_by, update_time
==> Parameters: 6(Long), 7(Long), 8(Long), 9(Long), 10(Long)
<==        Row: 1, style_8k_sanjie, 8K大料三节, 1, 1, 1, 0, 1, 2026-09-13 21:33:33, 1, 2026-09-13 21:33:33
<==        Row: 2, style_8k_sanjie, 8K极窄三节, 2, 2, 1, 0, 1, 2026-09-13 21:33:33, 1, 2026-09-13 21:33:33
<==    Columns: total_num, total_area, total_amount, total_freight, total_rows
<==        Row: 13, 4803.7360, 461447.23, 0.00, 7
<==        Row: 3, style_8k_sanjie, 8K极窄两节, 3, 3, 1, 0, 1, 2026-09-13 21:33:33, 1, 2026-09-13 21:33:33
JDBC Connection [HikariProxyConnection@2054972709 wrapping com.mysql.cj.jdbc.ConnectionImpl@537702e9] will not be managed by Spring
<==      Total: 1
==>  Preparing: SELECT COUNT(*) AS total FROM t_sales_order_item WHERE (order_id IN (?, ?, ?, ?, ?))
<==        Row: 4, style_8k_sanjie, 8K极窄三节小窗口, 4, 4, 1, 0, 1, 2026-09-13 21:33:33, 1, 2026-09-13 21:33:33
==> Parameters: 6(Long), 7(Long), 8(Long), 9(Long), 10(Long)
Closing non transactional SqlSession [org.apache.ibatis.session.defaults.DefaultSqlSession@401a551c]
<==        Row: 5, style_8k_sanjie, 8K极窄三节-全防护, 5, 5, 1, 0, 1, 2026-09-13 21:33:33, 1, 2026-09-13 21:33:33
Creating a new SqlSession
<==        Row: 6, style_8k_sanjie, 8K极窄两节不要下边框, 6, 6, 1, 0, 1, 2026-09-13 21:33:33, 1, 2026-09-13 21:33:33
SqlSession [org.apache.ibatis.session.defaults.DefaultSqlSession@4378de31] was not registered for synchronization because synchronization is not active
<==    Columns: total
<==        Row: 7, style_8k_sanjie, 8K极窄四节-4节纱, 7, 7, 1, 0, 1, 2026-09-13 21:33:33, 1, 2026-09-13 21:33:33
JDBC Connection [HikariProxyConnection@1364771319 wrapping com.mysql.cj.jdbc.ConnectionImpl@2d93ff50] will not be managed by Spring
<==        Row: 7
==>  Preparing: SELECT order_id,order_no,order_status,order_type,customer_id,customer_name,contact,phone,address,order_date,expect_date,total_area,projection_area,big_board_num,product_amount,craft_fee,urgent_fee,freight,discount_amount,total_amount,finance_status,paid_amount,receive_amount,unpaid_amount,profit_amount,gross_profit_rate,sub_order_count,receive_time,audit_by,audit_time,reject_reason,delivery_time,finish_time,cancel_reason,remark,brand,unit,install_type,designer,splitter,salesman,logistics,terminal_address,customer_source,create_by,create_time,update_by,update_time,del_flag FROM t_sales_order WHERE order_id IN ( ? , ? , ? , ? , ? ) AND del_flag=0
<==        Row: 8, style_8k_sanjie, 8K极窄两节-全防护, 8, 8, 1, 0, 1, 2026-09-13 21:33:33, 1, 2026-09-13 21:33:33
<==      Total: 1
<==        Row: 9, style_8k_sanjie, 8K极窄三节小缺口, 9, 9, 1, 0, 1, 2026-09-13 21:33:33, 1, 2026-09-13 21:33:33
==> Parameters: 6(Long), 7(Long), 8(Long), 9(Long), 10(Long)
<==        Row: 10, style_8k_sanjie, 8K大料两节, 10, 10, 1, 0, 1, 2026-09-13 21:33:33, 1, 2026-09-14 22:35:47
==>  Preparing: SELECT item_id,order_id,sub_order_no,product_id,product_name,product_type,item_category,dict_type,color,net_material,handle,lock_set,handle_direction,add_rod,fixed_bottom,square_board,material,open_direction,unit_price,width,height,deduct_width,net_width,single_area,min_area,calc_type,charge_area,num,unit,item_total_area,line_amount,item_status,sale_price_type,freight,receive_amount,profit_amount,sales_owner,process_code,process_name,flow_status,produce_progress,work_order_id,remark FROM t_sales_order_item WHERE (order_id IN (?,?,?,?,?)) ORDER BY order_id DESC,item_id ASC LIMIT ?
<==        Row: 13, style_kuangzhongkuang, 金刚网框中框, 11, 11, 1, 0, 1, 2026-09-14 22:24:21, 1, 2026-09-14 22:35:35
==> Parameters: 6(Long), 7(Long), 8(Long), 9(Long), 10(Long), 20(Long)
<==    Columns: order_id, order_no, order_status, order_type, customer_id, customer_name, contact, phone, address, order_date, expect_date, total_area, projection_area, big_board_num, product_amount, craft_fee, urgent_fee, freight, discount_amount, total_amount, finance_status, paid_amount, receive_amount, unpaid_amount, profit_amount, gross_profit_rate, sub_order_count, receive_time, audit_by, audit_time, reject_reason, delivery_time, finish_time, cancel_reason, remark, brand, unit, install_type, designer, splitter, salesman, logistics, terminal_address, customer_source, create_by, create_time, update_by, update_time, del_flag
<==        Row: 16, style_kuangzhongkuang, 测试123, 15, 15, 1, 0, 1, 2026-09-17 23:08:41, 1, 2026-09-17 23:08:41
<==        Row: 6, SO20260919001, 5, 正常单, 1, 北辰辰玺, 张经理, 13800001111, null, 2026-09-19, 2026-09-30, 3.0540, 12.5000, 3, 583.27, 100.00, 0.00, 80.00, 50.00, 713.27, 3, 300.00, 300.00, 413.27, 180.00, 0.2524, 2, 2026-09-19 10:38:13, 2, 2026-09-19 10:38:12, null, 2026-09-19 10:38:19, 2026-09-19 10:38:19, null, 订单管理模块联调测试单，请勿删除, 固贤, 套, 客户安装, 李设计, 王拆单, 陈业务, 顺丰物流, 长沙市雨花区北辰三角洲 3 栋 1802, 老客户转介绍, 2, 2026-09-19 10:38:12, 2, 2026-09-19 10:38:19, 0
<==      Total: 12
Closing non transactional SqlSession [org.apache.ibatis.session.defaults.DefaultSqlSession@3dbc927d]
<==    Columns: item_id, order_id, sub_order_no, product_id, product_name, product_type, item_category, dict_type, color, net_material, handle, lock_set, handle_direction, add_rod, fixed_bottom, square_board, material, open_direction, unit_price, width, height, deduct_width, net_width, single_area, min_area, calc_type, charge_area, num, unit, item_total_area, line_amount, item_status, sale_price_type, freight, receive_amount, profit_amount, sales_owner, process_code, process_name, flow_status, produce_progress, work_order_id, remark
<==        Row: 7, SO20260919002, 5, 正常单, 22, 李桌, 登录二维码, 15898405119, null, 2026-09-19, 2026-09-26, 0.4320, 10.0000, 12, 10.20, 0.00, 0.00, 0.00, 0.00, 10.20, 0, 0.00, 0.00, 10.20, 0.00, 0.0000, 1, null, 2, 2026-09-19 11:18:03, null, 2026-09-22 23:41:40, 2026-09-24 13:48:24, null, 测试用, 框中款, 套, 自行安装, 卢工, 刘工, 卢工, 顺丰, 长沙, 抖音, 1, 2026-09-19 11:10:07, 1, 2026-09-24 13:48:24, 0
<==        Row: 16, 10, SO20260924001-01, null, 8K极窄三节-全防护, 8K三节系列, 8K三节系列, style_8k_sanjie, 1, 1, 1, 1, 1, 1, 1, 1, 1, 1, 10000.00, 1.00, 1.00, 0.00, 1.00, 0.0000, 0.0000, 1, 0.0000, 1, 套, 0.0000, 0.00, 0, 1, 0.00, 0.00, 0.00, , null, null, null, 0, null, 
<==        Row: 8, SO20260922001, 5, 加急单, 21, 邓劲松, 登录二维码, 17378089633, null, 2026-09-22, 2026-09-30, 0.2500, 0.0000, 0, 53.76, 0.00, 0.00, 0.00, 0.00, 53.76, 2, 53.76, 53.76, 0.00, 0.00, 0.0000, 2, 2026-09-22 23:55:55, 1, 2026-09-22 23:39:26, null, 2026-09-22 23:53:52, 2026-09-22 23:53:52, null, 加急加急, 框中框, 套, 自行安装, 卢工, 卢工, 卢工, 顺丰, 杭州余杭区仓益绿苑, 抖音, 1, 2026-09-22 23:38:06, 1, 2026-09-22 23:55:55, 0
<==        Row: 9, SO20260922002, 2, 正常单, 25, 马科斯门窗, 登录二维码, 15986963265, null, 2026-09-22, 2026-09-30, 4800.0000, 0.0000, 0, 460800.00, 0.00, 0.00, 0.00, 0.00, 460800.00, 0, 0.00, 0.00, 460800.00, 0.00, 0.0000, 1, null, 1, 2026-09-22 23:58:32, null, null, null, null, , , 套, 客户安装, , , , 京东, 杭州, , 1, 2026-09-22 23:58:12, 1, 2026-09-22 23:59:03, 0
<==        Row: 15, 9, SO20260922002-01, null, 8K极窄四节-4节纱, 8K三节系列, 8K三节系列, style_8k_sanjie, 无, 无, 无, 无, 无, 无, 无, 无, 无, 无, 96.00, 60000.00, 80000.00, 0.00, 60000.00, 4800.0000, 0.0000, 1, 4800.0000, 1, 套, 4800.0000, 460800.00, 2, 1, 0.00, 0.00, 0.00, , null, null, null, 0, 4, 
<==        Row: 10, SO20260924001, 0, 正常单, 17, 彭宇, 登录二维码, 1, null, 2026-09-24, 2026-09-25, 0.0000, 0.0000, 0, 0.00, 0.00, 0.00, 0.00, 0.00, 0.00, 0, 0.00, 0.00, 0.00, 0.00, 0.0000, 1, null, null, null, null, null, null, null, 1, 1, 套, 客户安装, 1, 1, 1, , 1, , 1, 2026-09-24 14:01:34, 1, 2026-09-24 14:01:34, 0
<==        Row: 13, 8, SO20260922001-01, null, 金刚网框中框, 框中框系列, 框中框系列, style_kuangzhongkuang, 红, 纱网, 铁把手, 卡扣, 右, 不加, 无, 无, 金刚, 无, 160.00, 200.00, 600.00, 50.00, 150.00, 0.0900, 0.0000, 1, 0.0900, 1, 套, 0.0900, 14.40, 5, 1, 0.00, 0.00, 0.00, , null, null, null, 100, 3, 
<==      Total: 5
<==        Row: 14, 8, SO20260922001-02, null, 8K大料三节, 8K三节系列, 8K三节系列, style_8k_sanjie, 绿, 纱网, 无, 无, 无, 不加, 无, 无, 无, 无, 246.00, 300.00, 800.00, 100.00, 200.00, 0.1600, 0.0000, 1, 0.1600, 1, 套, 0.1600, 39.36, 5, 1, 0.00, 0.00, 0.00, , null, null, null, 100, 3, 
Closing non transactional SqlSession [org.apache.ibatis.session.defaults.DefaultSqlSession@4378de31]
<==        Row: 10, 7, SO20260919002-01, null, 8K大料三节, 8K三节系列, 8K三节系列, style_8k_sanjie, 无, 无, 无, 无, 无, 无, 无, 无, 无, 无, 23.60, 200.00, 400.00, 20.00, 180.00, 0.0720, 0.0000, 1, 0.0720, 6, 套, 0.4320, 10.20, 5, 1, 0.00, 0.00, 0.00, , null, null, null, 0, 2, 
<==        Row: 8, 6, SO20260919001-01, null, 8K大料三节, 8K三节系列, 8K三节系列, style_8k_sanjie, 金刚灰, 8K金刚网, 锌合金把手, 月牙锁, 左, 加一根, 下固定50, 5号方板, null, 外开, 168.00, 1210.00, 710.00, 10.00, 1200.00, 0.8520, 0.0000, 1, 0.8520, 2, 套, 1.7040, 286.27, 5, 1, 0.00, 0.00, 120.00, 文员小张, null, null, null, 100, null, 客厅用
<==        Row: 9, 6, SO20260919001-02, null, 金刚网框中框, 框中框系列, 框中框系列, style_kuangzhongkuang, 香槟金, 不锈钢网, 塑料把手, 按锁, 右, 不加杆, 无, null, null, 内开, 220.00, 900.00, 1500.00, 0.00, 900.00, 1.3500, 0.0000, 1, 1.3500, 1, 套, 1.3500, 297.00, 5, 1, 0.00, 0.00, 60.00, 文员小张, null, null, null, 100, null, 卧室用
<==      Total: 7
Closing non transactional SqlSession [org.apache.ibatis.session.defaults.DefaultSqlSession@2f8ec894]
Creating a new SqlSession
SqlSession [org.apache.ibatis.session.defaults.DefaultSqlSession@69d93f72] was not registered for synchronization because synchronization is not active
JDBC Connection [HikariProxyConnection@1938426308 wrapping com.mysql.cj.jdbc.ConnectionImpl@537702e9] will not be managed by Spring
==>  Preparing: SELECT order_id,order_no,order_status,order_type,customer_id,customer_name,contact,phone,address,order_date,expect_date,total_area,projection_area,big_board_num,product_amount,craft_fee,urgent_fee,freight,discount_amount,total_amount,finance_status,paid_amount,receive_amount,unpaid_amount,profit_amount,gross_profit_rate,sub_order_count,receive_time,audit_by,audit_time,reject_reason,delivery_time,finish_time,cancel_reason,remark,brand,unit,install_type,designer,splitter,salesman,logistics,terminal_address,customer_source,create_by,create_time,update_by,update_time,del_flag FROM t_sales_order WHERE order_id IN ( ? , ? , ? , ? , ? ) AND del_flag=0
==> Parameters: 10(Long), 9(Long), 8(Long), 7(Long), 6(Long)
<==    Columns: order_id, order_no, order_status, order_type, customer_id, customer_name, contact, phone, address, order_date, expect_date, total_area, projection_area, big_board_num, product_amount, craft_fee, urgent_fee, freight, discount_amount, total_amount, finance_status, paid_amount, receive_amount, unpaid_amount, profit_amount, gross_profit_rate, sub_order_count, receive_time, audit_by, audit_time, reject_reason, delivery_time, finish_time, cancel_reason, remark, brand, unit, install_type, designer, splitter, salesman, logistics, terminal_address, customer_source, create_by, create_time, update_by, update_time, del_flag
<==        Row: 6, SO20260919001, 5, 正常单, 1, 北辰辰玺, 张经理, 13800001111, null, 2026-09-19, 2026-09-30, 3.0540, 12.5000, 3, 583.27, 100.00, 0.00, 80.00, 50.00, 713.27, 3, 300.00, 300.00, 413.27, 180.00, 0.2524, 2, 2026-09-19 10:38:13, 2, 2026-09-19 10:38:12, null, 2026-09-19 10:38:19, 2026-09-19 10:38:19, null, 订单管理模块联调测试单，请勿删除, 固贤, 套, 客户安装, 李设计, 王拆单, 陈业务, 顺丰物流, 长沙市雨花区北辰三角洲 3 栋 1802, 老客户转介绍, 2, 2026-09-19 10:38:12, 2, 2026-09-19 10:38:19, 0
<==        Row: 7, SO20260919002, 5, 正常单, 22, 李桌, 登录二维码, 15898405119, null, 2026-09-19, 2026-09-26, 0.4320, 10.0000, 12, 10.20, 0.00, 0.00, 0.00, 0.00, 10.20, 0, 0.00, 0.00, 10.20, 0.00, 0.0000, 1, null, 2, 2026-09-19 11:18:03, null, 2026-09-22 23:41:40, 2026-09-24 13:48:24, null, 测试用, 框中款, 套, 自行安装, 卢工, 刘工, 卢工, 顺丰, 长沙, 抖音, 1, 2026-09-19 11:10:07, 1, 2026-09-24 13:48:24, 0
<==        Row: 8, SO20260922001, 5, 加急单, 21, 邓劲松, 登录二维码, 17378089633, null, 2026-09-22, 2026-09-30, 0.2500, 0.0000, 0, 53.76, 0.00, 0.00, 0.00, 0.00, 53.76, 2, 53.76, 53.76, 0.00, 0.00, 0.0000, 2, 2026-09-22 23:55:55, 1, 2026-09-22 23:39:26, null, 2026-09-22 23:53:52, 2026-09-22 23:53:52, null, 加急加急, 框中框, 套, 自行安装, 卢工, 卢工, 卢工, 顺丰, 杭州余杭区仓益绿苑, 抖音, 1, 2026-09-22 23:38:06, 1, 2026-09-22 23:55:55, 0
<==        Row: 9, SO20260922002, 2, 正常单, 25, 马科斯门窗, 登录二维码, 15986963265, null, 2026-09-22, 2026-09-30, 4800.0000, 0.0000, 0, 460800.00, 0.00, 0.00, 0.00, 0.00, 460800.00, 0, 0.00, 0.00, 460800.00, 0.00, 0.0000, 1, null, 1, 2026-09-22 23:58:32, null, null, null, null, , , 套, 客户安装, , , , 京东, 杭州, , 1, 2026-09-22 23:58:12, 1, 2026-09-22 23:59:03, 0
<==        Row: 10, SO20260924001, 0, 正常单, 17, 彭宇, 登录二维码, 1, null, 2026-09-24, 2026-09-25, 0.0000, 0.0000, 0, 0.00, 0.00, 0.00, 0.00, 0.00, 0.00, 0, 0.00, 0.00, 0.00, 0.00, 0.0000, 1, null, null, null, null, null, null, null, 1, 1, 套, 客户安装, 1, 1, 1, , 1, , 1, 2026-09-24 14:01:34, 1, 2026-09-24 14:01:34, 0
<==      Total: 5
Closing non transactional SqlSession [org.apache.ibatis.session.defaults.DefaultSqlSession@69d93f72]
Creating a new SqlSession
SqlSession [org.apache.ibatis.session.defaults.DefaultSqlSession@7304e756] was not registered for synchronization because synchronization is not active
JDBC Connection [HikariProxyConnection@318515758 wrapping com.mysql.cj.jdbc.ConnectionImpl@537702e9] will not be managed by Spring
==>  Preparing: SELECT COUNT(*) AS total FROM t_sales_order WHERE del_flag = 0
==> Parameters: 
<==    Columns: total
<==        Row: 5
<==      Total: 1
==>  Preparing: SELECT order_id,order_no,order_status,order_type,customer_id,customer_name,contact,phone,address,order_date,expect_date,total_area,projection_area,big_board_num,product_amount,craft_fee,urgent_fee,freight,discount_amount,total_amount,finance_status,paid_amount,receive_amount,unpaid_amount,profit_amount,gross_profit_rate,sub_order_count,receive_time,audit_by,audit_time,reject_reason,delivery_time,finish_time,cancel_reason,remark,brand,unit,install_type,designer,splitter,salesman,logistics,terminal_address,customer_source,create_by,create_time,update_by,update_time,del_flag FROM t_sales_order WHERE del_flag=0 ORDER BY order_id DESC LIMIT ?
==> Parameters: 20(Long)
<==    Columns: order_id, order_no, order_status, order_type, customer_id, customer_name, contact, phone, address, order_date, expect_date, total_area, projection_area, big_board_num, product_amount, craft_fee, urgent_fee, freight, discount_amount, total_amount, finance_status, paid_amount, receive_amount, unpaid_amount, profit_amount, gross_profit_rate, sub_order_count, receive_time, audit_by, audit_time, reject_reason, delivery_time, finish_time, cancel_reason, remark, brand, unit, install_type, designer, splitter, salesman, logistics, terminal_address, customer_source, create_by, create_time, update_by, update_time, del_flag
<==        Row: 10, SO20260924001, 0, 正常单, 17, 彭宇, 登录二维码, 1, null, 2026-09-24, 2026-09-25, 0.0000, 0.0000, 0, 0.00, 0.00, 0.00, 0.00, 0.00, 0.00, 0, 0.00, 0.00, 0.00, 0.00, 0.0000, 1, null, null, null, null, null, null, null, 1, 1, 套, 客户安装, 1, 1, 1, , 1, , 1, 2026-09-24 14:01:34, 1, 2026-09-24 14:01:34, 0
<==        Row: 9, SO20260922002, 2, 正常单, 25, 马科斯门窗, 登录二维码, 15986963265, null, 2026-09-22, 2026-09-30, 4800.0000, 0.0000, 0, 460800.00, 0.00, 0.00, 0.00, 0.00, 460800.00, 0, 0.00, 0.00, 460800.00, 0.00, 0.0000, 1, null, 1, 2026-09-22 23:58:32, null, null, null, null, , , 套, 客户安装, , , , 京东, 杭州, , 1, 2026-09-22 23:58:12, 1, 2026-09-22 23:59:03, 0
<==        Row: 8, SO20260922001, 5, 加急单, 21, 邓劲松, 登录二维码, 17378089633, null, 2026-09-22, 2026-09-30, 0.2500, 0.0000, 0, 53.76, 0.00, 0.00, 0.00, 0.00, 53.76, 2, 53.76, 53.76, 0.00, 0.00, 0.0000, 2, 2026-09-22 23:55:55, 1, 2026-09-22 23:39:26, null, 2026-09-22 23:53:52, 2026-09-22 23:53:52, null, 加急加急, 框中框, 套, 自行安装, 卢工, 卢工, 卢工, 顺丰, 杭州余杭区仓益绿苑, 抖音, 1, 2026-09-22 23:38:06, 1, 2026-09-22 23:55:55, 0
<==        Row: 7, SO20260919002, 5, 正常单, 22, 李桌, 登录二维码, 15898405119, null, 2026-09-19, 2026-09-26, 0.4320, 10.0000, 12, 10.20, 0.00, 0.00, 0.00, 0.00, 10.20, 0, 0.00, 0.00, 10.20, 0.00, 0.0000, 1, null, 2, 2026-09-19 11:18:03, null, 2026-09-22 23:41:40, 2026-09-24 13:48:24, null, 测试用, 框中款, 套, 自行安装, 卢工, 刘工, 卢工, 顺丰, 长沙, 抖音, 1, 2026-09-19 11:10:07, 1, 2026-09-24 13:48:24, 0
<==        Row: 6, SO20260919001, 5, 正常单, 1, 北辰辰玺, 张经理, 13800001111, null, 2026-09-19, 2026-09-30, 3.0540, 12.5000, 3, 583.27, 100.00, 0.00, 80.00, 50.00, 713.27, 3, 300.00, 300.00, 413.27, 180.00, 0.2524, 2, 2026-09-19 10:38:13, 2, 2026-09-19 10:38:12, null, 2026-09-19 10:38:19, 2026-09-19 10:38:19, null, 订单管理模块联调测试单，请勿删除, 固贤, 套, 客户安装, 李设计, 王拆单, 陈业务, 顺丰物流, 长沙市雨花区北辰三角洲 3 栋 1802, 老客户转介绍, 2, 2026-09-19 10:38:12, 2, 2026-09-19 10:38:19, 0
<==      Total: 5
Closing non transactional SqlSession [org.apache.ibatis.session.defaults.DefaultSqlSession@7304e756]
Creating a new SqlSession
SqlSession [org.apache.ibatis.session.defaults.DefaultSqlSession@7f9f4b3c] was not registered for synchronization because synchronization is not active
JDBC Connection [HikariProxyConnection@1677145124 wrapping com.mysql.cj.jdbc.ConnectionImpl@537702e9] will not be managed by Spring
==>  Preparing: SELECT order_id,order_no,order_status,order_type,customer_id,customer_name,contact,phone,address,order_date,expect_date,total_area,projection_area,big_board_num,product_amount,craft_fee,urgent_fee,freight,discount_amount,total_amount,finance_status,paid_amount,receive_amount,unpaid_amount,profit_amount,gross_profit_rate,sub_order_count,receive_time,audit_by,audit_time,reject_reason,delivery_time,finish_time,cancel_reason,remark,brand,unit,install_type,designer,splitter,salesman,logistics,terminal_address,customer_source,create_by,create_time,update_by,update_time,del_flag FROM t_sales_order WHERE order_id=? AND del_flag=0
==> Parameters: 10(Long)
<==    Columns: order_id, order_no, order_status, order_type, customer_id, customer_name, contact, phone, address, order_date, expect_date, total_area, projection_area, big_board_num, product_amount, craft_fee, urgent_fee, freight, discount_amount, total_amount, finance_status, paid_amount, receive_amount, unpaid_amount, profit_amount, gross_profit_rate, sub_order_count, receive_time, audit_by, audit_time, reject_reason, delivery_time, finish_time, cancel_reason, remark, brand, unit, install_type, designer, splitter, salesman, logistics, terminal_address, customer_source, create_by, create_time, update_by, update_time, del_flag
<==        Row: 10, SO20260924001, 0, 正常单, 17, 彭宇, 登录二维码, 1, null, 2026-09-24, 2026-09-25, 0.0000, 0.0000, 0, 0.00, 0.00, 0.00, 0.00, 0.00, 0.00, 0, 0.00, 0.00, 0.00, 0.00, 0.0000, 1, null, null, null, null, null, null, null, 1, 1, 套, 客户安装, 1, 1, 1, , 1, , 1, 2026-09-24 14:01:34, 1, 2026-09-24 14:01:34, 0
<==      Total: 1
Closing non transactional SqlSession [org.apache.ibatis.session.defaults.DefaultSqlSession@7f9f4b3c]
Creating a new SqlSession
SqlSession [org.apache.ibatis.session.defaults.DefaultSqlSession@75226094] was not registered for synchronization because synchronization is not active
JDBC Connection [HikariProxyConnection@1937599297 wrapping com.mysql.cj.jdbc.ConnectionImpl@537702e9] will not be managed by Spring
==>  Preparing: SELECT item_id,order_id,sub_order_no,product_id,product_name,product_type,item_category,dict_type,color,net_material,handle,lock_set,handle_direction,add_rod,fixed_bottom,square_board,material,open_direction,unit_price,width,height,deduct_width,net_width,single_area,min_area,calc_type,charge_area,num,unit,item_total_area,line_amount,item_status,sale_price_type,freight,receive_amount,profit_amount,sales_owner,process_code,process_name,flow_status,produce_progress,work_order_id,remark FROM t_sales_order_item WHERE (order_id = ?) ORDER BY item_id ASC
==> Parameters: 10(Long)
<==    Columns: item_id, order_id, sub_order_no, product_id, product_name, product_type, item_category, dict_type, color, net_material, handle, lock_set, handle_direction, add_rod, fixed_bottom, square_board, material, open_direction, unit_price, width, height, deduct_width, net_width, single_area, min_area, calc_type, charge_area, num, unit, item_total_area, line_amount, item_status, sale_price_type, freight, receive_amount, profit_amount, sales_owner, process_code, process_name, flow_status, produce_progress, work_order_id, remark
<==        Row: 16, 10, SO20260924001-01, null, 8K极窄三节-全防护, 8K三节系列, 8K三节系列, style_8k_sanjie, 1, 1, 1, 1, 1, 1, 1, 1, 1, 1, 10000.00, 1.00, 1.00, 0.00, 1.00, 0.0000, 0.0000, 1, 0.0000, 1, 套, 0.0000, 0.00, 0, 1, 0.00, 0.00, 0.00, , null, null, null, 0, null, 
<==      Total: 1
Closing non transactional SqlSession [org.apache.ibatis.session.defaults.DefaultSqlSession@75226094]
Creating a new SqlSession
Registering transaction synchronization for SqlSession [org.apache.ibatis.session.defaults.DefaultSqlSession@46c163f7]
JDBC Connection [HikariProxyConnection@107773805 wrapping com.mysql.cj.jdbc.ConnectionImpl@537702e9] will be managed by Spring
==>  Preparing: SELECT order_id,order_no,order_status,order_type,customer_id,customer_name,contact,phone,address,order_date,expect_date,total_area,projection_area,big_board_num,product_amount,craft_fee,urgent_fee,freight,discount_amount,total_amount,finance_status,paid_amount,receive_amount,unpaid_amount,profit_amount,gross_profit_rate,sub_order_count,receive_time,audit_by,audit_time,reject_reason,delivery_time,finish_time,cancel_reason,remark,brand,unit,install_type,designer,splitter,salesman,logistics,terminal_address,customer_source,create_by,create_time,update_by,update_time,del_flag FROM t_sales_order WHERE order_id=? AND del_flag=0
==> Parameters: 10(Long)
<==    Columns: order_id, order_no, order_status, order_type, customer_id, customer_name, contact, phone, address, order_date, expect_date, total_area, projection_area, big_board_num, product_amount, craft_fee, urgent_fee, freight, discount_amount, total_amount, finance_status, paid_amount, receive_amount, unpaid_amount, profit_amount, gross_profit_rate, sub_order_count, receive_time, audit_by, audit_time, reject_reason, delivery_time, finish_time, cancel_reason, remark, brand, unit, install_type, designer, splitter, salesman, logistics, terminal_address, customer_source, create_by, create_time, update_by, update_time, del_flag
<==        Row: 10, SO20260924001, 0, 正常单, 17, 彭宇, 登录二维码, 1, null, 2026-09-24, 2026-09-25, 0.0000, 0.0000, 0, 0.00, 0.00, 0.00, 0.00, 0.00, 0.00, 0, 0.00, 0.00, 0.00, 0.00, 0.0000, 1, null, null, null, null, null, null, null, 1, 1, 套, 客户安装, 1, 1, 1, , 1, , 1, 2026-09-24 14:01:34, 1, 2026-09-24 14:01:34, 0
<==      Total: 1
Releasing transactional SqlSession [org.apache.ibatis.session.defaults.DefaultSqlSession@46c163f7]
Fetched SqlSession [org.apache.ibatis.session.defaults.DefaultSqlSession@46c163f7] from current transaction
==>  Preparing: UPDATE t_sales_order SET order_status=?, audit_by=?, audit_time=?, update_by=?, update_time=? WHERE order_id=? AND del_flag=0
==> Parameters: 1(Integer), 1(Long), 2026-09-24T14:02:07.652368(LocalDateTime), 1(Long), 2026-09-24T14:02:07.659386200(LocalDateTime), 10(Long)
<==    Updates: 1
Releasing transactional SqlSession [org.apache.ibatis.session.defaults.DefaultSqlSession@46c163f7]
Fetched SqlSession [org.apache.ibatis.session.defaults.DefaultSqlSession@46c163f7] from current transaction
==>  Preparing: UPDATE t_sales_order_item SET item_status=? WHERE (order_id = ?)
==> Parameters: 1(Integer), 10(Long)
<==    Updates: 1
Releasing transactional SqlSession [org.apache.ibatis.session.defaults.DefaultSqlSession@46c163f7]
Transaction synchronization committing SqlSession [org.apache.ibatis.session.defaults.DefaultSqlSession@46c163f7]
Transaction synchronization deregistering SqlSession [org.apache.ibatis.session.defaults.DefaultSqlSession@46c163f7]
Transaction synchronization closing SqlSession [org.apache.ibatis.session.defaults.DefaultSqlSession@46c163f7]
Creating a new SqlSession
SqlSession [org.apache.ibatis.session.defaults.DefaultSqlSession@348ad3d7] was not registered for synchronization because synchronization is not active
JDBC Connection [HikariProxyConnection@948130707 wrapping com.mysql.cj.jdbc.ConnectionImpl@537702e9] will not be managed by Spring
==>  Preparing: INSERT INTO sys_oper_log ( username, real_name, oper_module, oper_type, oper_content, ip, oper_time ) VALUES ( ?, ?, ?, ?, ?, ?, ? )
==> Parameters: 卢总(String), 卢超(String), 销售订单(String), 受理(String), 受理销售订单(String), 127.0.0.1(String), 2026-09-24T14:02:07.685433700(LocalDateTime)
<==    Updates: 1
Closing non transactional SqlSession [org.apache.ibatis.session.defaults.DefaultSqlSession@348ad3d7]
Creating a new SqlSession
SqlSession [org.apache.ibatis.session.defaults.DefaultSqlSession@9c92745] was not registered for synchronization because synchronization is not active
JDBC Connection [HikariProxyConnection@356025766 wrapping com.mysql.cj.jdbc.ConnectionImpl@3018ec8] will not be managed by Spring
==>  Preparing: SELECT COUNT(*) AS total FROM t_sales_order WHERE del_flag = 0
==> Parameters: 
<==    Columns: total
<==        Row: 5
<==      Total: 1
==>  Preparing: SELECT order_id,order_no,order_status,order_type,customer_id,customer_name,contact,phone,address,order_date,expect_date,total_area,projection_area,big_board_num,product_amount,craft_fee,urgent_fee,freight,discount_amount,total_amount,finance_status,paid_amount,receive_amount,unpaid_amount,profit_amount,gross_profit_rate,sub_order_count,receive_time,audit_by,audit_time,reject_reason,delivery_time,finish_time,cancel_reason,remark,brand,unit,install_type,designer,splitter,salesman,logistics,terminal_address,customer_source,create_by,create_time,update_by,update_time,del_flag FROM t_sales_order WHERE del_flag=0 ORDER BY order_id DESC LIMIT ?
==> Parameters: 20(Long)
<==    Columns: order_id, order_no, order_status, order_type, customer_id, customer_name, contact, phone, address, order_date, expect_date, total_area, projection_area, big_board_num, product_amount, craft_fee, urgent_fee, freight, discount_amount, total_amount, finance_status, paid_amount, receive_amount, unpaid_amount, profit_amount, gross_profit_rate, sub_order_count, receive_time, audit_by, audit_time, reject_reason, delivery_time, finish_time, cancel_reason, remark, brand, unit, install_type, designer, splitter, salesman, logistics, terminal_address, customer_source, create_by, create_time, update_by, update_time, del_flag
<==        Row: 10, SO20260924001, 1, 正常单, 17, 彭宇, 登录二维码, 1, null, 2026-09-24, 2026-09-25, 0.0000, 0.0000, 0, 0.00, 0.00, 0.00, 0.00, 0.00, 0.00, 0, 0.00, 0.00, 0.00, 0.00, 0.0000, 1, null, 1, 2026-09-24 14:02:08, null, null, null, null, 1, 1, 套, 客户安装, 1, 1, 1, , 1, , 1, 2026-09-24 14:01:34, 1, 2026-09-24 14:02:08, 0
<==        Row: 9, SO20260922002, 2, 正常单, 25, 马科斯门窗, 登录二维码, 15986963265, null, 2026-09-22, 2026-09-30, 4800.0000, 0.0000, 0, 460800.00, 0.00, 0.00, 0.00, 0.00, 460800.00, 0, 0.00, 0.00, 460800.00, 0.00, 0.0000, 1, null, 1, 2026-09-22 23:58:32, null, null, null, null, , , 套, 客户安装, , , , 京东, 杭州, , 1, 2026-09-22 23:58:12, 1, 2026-09-22 23:59:03, 0
<==        Row: 8, SO20260922001, 5, 加急单, 21, 邓劲松, 登录二维码, 17378089633, null, 2026-09-22, 2026-09-30, 0.2500, 0.0000, 0, 53.76, 0.00, 0.00, 0.00, 0.00, 53.76, 2, 53.76, 53.76, 0.00, 0.00, 0.0000, 2, 2026-09-22 23:55:55, 1, 2026-09-22 23:39:26, null, 2026-09-22 23:53:52, 2026-09-22 23:53:52, null, 加急加急, 框中框, 套, 自行安装, 卢工, 卢工, 卢工, 顺丰, 杭州余杭区仓益绿苑, 抖音, 1, 2026-09-22 23:38:06, 1, 2026-09-22 23:55:55, 0
<==        Row: 7, SO20260919002, 5, 正常单, 22, 李桌, 登录二维码, 15898405119, null, 2026-09-19, 2026-09-26, 0.4320, 10.0000, 12, 10.20, 0.00, 0.00, 0.00, 0.00, 10.20, 0, 0.00, 0.00, 10.20, 0.00, 0.0000, 1, null, 2, 2026-09-19 11:18:03, null, 2026-09-22 23:41:40, 2026-09-24 13:48:24, null, 测试用, 框中款, 套, 自行安装, 卢工, 刘工, 卢工, 顺丰, 长沙, 抖音, 1, 2026-09-19 11:10:07, 1, 2026-09-24 13:48:24, 0
<==        Row: 6, SO20260919001, 5, 正常单, 1, 北辰辰玺, 张经理, 13800001111, null, 2026-09-19, 2026-09-30, 3.0540, 12.5000, 3, 583.27, 100.00, 0.00, 80.00, 50.00, 713.27, 3, 300.00, 300.00, 413.27, 180.00, 0.2524, 2, 2026-09-19 10:38:13, 2, 2026-09-19 10:38:12, null, 2026-09-19 10:38:19, 2026-09-19 10:38:19, null, 订单管理模块联调测试单，请勿删除, 固贤, 套, 客户安装, 李设计, 王拆单, 陈业务, 顺丰物流, 长沙市雨花区北辰三角洲 3 栋 1802, 老客户转介绍, 2, 2026-09-19 10:38:12, 2, 2026-09-19 10:38:19, 0
<==      Total: 5
Closing non transactional SqlSession [org.apache.ibatis.session.defaults.DefaultSqlSession@9c92745]
Creating a new SqlSession
SqlSession [org.apache.ibatis.session.defaults.DefaultSqlSession@4ad2188d] was not registered for synchronization because synchronization is not active
JDBC Connection [HikariProxyConnection@76565964 wrapping com.mysql.cj.jdbc.ConnectionImpl@2d93ff50] will not be managed by Spring
==>  Preparing: SELECT COUNT(*) AS total FROM t_sales_order WHERE del_flag = 0
==> Parameters: 
<==    Columns: total
<==        Row: 5
<==      Total: 1
==>  Preparing: SELECT order_id,order_no,order_status,order_type,customer_id,customer_name,contact,phone,address,order_date,expect_date,total_area,projection_area,big_board_num,product_amount,craft_fee,urgent_fee,freight,discount_amount,total_amount,finance_status,paid_amount,receive_amount,unpaid_amount,profit_amount,gross_profit_rate,sub_order_count,receive_time,audit_by,audit_time,reject_reason,delivery_time,finish_time,cancel_reason,remark,brand,unit,install_type,designer,splitter,salesman,logistics,terminal_address,customer_source,create_by,create_time,update_by,update_time,del_flag FROM t_sales_order WHERE del_flag=0 ORDER BY order_id DESC LIMIT ?
==> Parameters: 10(Long)
<==    Columns: order_id, order_no, order_status, order_type, customer_id, customer_name, contact, phone, address, order_date, expect_date, total_area, projection_area, big_board_num, product_amount, craft_fee, urgent_fee, freight, discount_amount, total_amount, finance_status, paid_amount, receive_amount, unpaid_amount, profit_amount, gross_profit_rate, sub_order_count, receive_time, audit_by, audit_time, reject_reason, delivery_time, finish_time, cancel_reason, remark, brand, unit, install_type, designer, splitter, salesman, logistics, terminal_address, customer_source, create_by, create_time, update_by, update_time, del_flag
<==        Row: 10, SO20260924001, 1, 正常单, 17, 彭宇, 登录二维码, 1, null, 2026-09-24, 2026-09-25, 0.0000, 0.0000, 0, 0.00, 0.00, 0.00, 0.00, 0.00, 0.00, 0, 0.00, 0.00, 0.00, 0.00, 0.0000, 1, null, 1, 2026-09-24 14:02:08, null, null, null, null, 1, 1, 套, 客户安装, 1, 1, 1, , 1, , 1, 2026-09-24 14:01:34, 1, 2026-09-24 14:02:08, 0
<==        Row: 9, SO20260922002, 2, 正常单, 25, 马科斯门窗, 登录二维码, 15986963265, null, 2026-09-22, 2026-09-30, 4800.0000, 0.0000, 0, 460800.00, 0.00, 0.00, 0.00, 0.00, 460800.00, 0, 0.00, 0.00, 460800.00, 0.00, 0.0000, 1, null, 1, 2026-09-22 23:58:32, null, null, null, null, , , 套, 客户安装, , , , 京东, 杭州, , 1, 2026-09-22 23:58:12, 1, 2026-09-22 23:59:03, 0
<==        Row: 8, SO20260922001, 5, 加急单, 21, 邓劲松, 登录二维码, 17378089633, null, 2026-09-22, 2026-09-30, 0.2500, 0.0000, 0, 53.76, 0.00, 0.00, 0.00, 0.00, 53.76, 2, 53.76, 53.76, 0.00, 0.00, 0.0000, 2, 2026-09-22 23:55:55, 1, 2026-09-22 23:39:26, null, 2026-09-22 23:53:52, 2026-09-22 23:53:52, null, 加急加急, 框中框, 套, 自行安装, 卢工, 卢工, 卢工, 顺丰, 杭州余杭区仓益绿苑, 抖音, 1, 2026-09-22 23:38:06, 1, 2026-09-22 23:55:55, 0
<==        Row: 7, SO20260919002, 5, 正常单, 22, 李桌, 登录二维码, 15898405119, null, 2026-09-19, 2026-09-26, 0.4320, 10.0000, 12, 10.20, 0.00, 0.00, 0.00, 0.00, 10.20, 0, 0.00, 0.00, 10.20, 0.00, 0.0000, 1, null, 2, 2026-09-19 11:18:03, null, 2026-09-22 23:41:40, 2026-09-24 13:48:24, null, 测试用, 框中款, 套, 自行安装, 卢工, 刘工, 卢工, 顺丰, 长沙, 抖音, 1, 2026-09-19 11:10:07, 1, 2026-09-24 13:48:24, 0
<==        Row: 6, SO20260919001, 5, 正常单, 1, 北辰辰玺, 张经理, 13800001111, null, 2026-09-19, 2026-09-30, 3.0540, 12.5000, 3, 583.27, 100.00, 0.00, 80.00, 50.00, 713.27, 3, 300.00, 300.00, 413.27, 180.00, 0.2524, 2, 2026-09-19 10:38:13, 2, 2026-09-19 10:38:12, null, 2026-09-19 10:38:19, 2026-09-19 10:38:19, null, 订单管理模块联调测试单，请勿删除, 固贤, 套, 客户安装, 李设计, 王拆单, 陈业务, 顺丰物流, 长沙市雨花区北辰三角洲 3 栋 1802, 老客户转介绍, 2, 2026-09-19 10:38:12, 2, 2026-09-19 10:38:19, 0
<==      Total: 5
Closing non transactional SqlSession [org.apache.ibatis.session.defaults.DefaultSqlSession@4ad2188d]
Creating a new SqlSession
Creating a new SqlSession
Creating a new SqlSession
SqlSession [org.apache.ibatis.session.defaults.DefaultSqlSession@2c30d9d7] was not registered for synchronization because synchronization is not active
SqlSession [org.apache.ibatis.session.defaults.DefaultSqlSession@6a51b0ed] was not registered for synchronization because synchronization is not active
SqlSession [org.apache.ibatis.session.defaults.DefaultSqlSession@d8c5041] was not registered for synchronization because synchronization is not active
JDBC Connection [HikariProxyConnection@553707445 wrapping com.mysql.cj.jdbc.ConnectionImpl@537702e9] will not be managed by Spring
JDBC Connection [HikariProxyConnection@851082772 wrapping com.mysql.cj.jdbc.ConnectionImpl@3018ec8] will not be managed by Spring
JDBC Connection [HikariProxyConnection@2044474587 wrapping com.mysql.cj.jdbc.ConnectionImpl@2d93ff50] will not be managed by Spring
==>  Preparing: SELECT id,dict_type,dict_name,status,del_flag,create_by,create_time,update_by,update_time FROM sys_dict_type WHERE del_flag=0 AND ((dict_type LIKE ? OR dict_type IN (?,?,?,?,?,?,?,?,?,?,?,?,?,?,?)) AND (status IS NULL OR status = ?))
==>  Preparing: SELECT order_id FROM t_sales_order WHERE del_flag=0 AND (order_date >= ? AND order_date <= ?)
==>  Preparing: SELECT order_id FROM t_sales_order WHERE del_flag=0 AND (order_date >= ? AND order_date <= ?)
==> Parameters: 2026-07-24(LocalDate), 2026-09-24(LocalDate)
==> Parameters: style%(String), color(String), net(String), material(String), handle(String), lock(String), handle_direction(String), add_rod(String), fixed_bottom(String), square_board(String), open_direction(String), order_type(String), install_type(String), customer_source(String), logistics(String), unit(String), 1(Integer)
==> Parameters: 2026-07-24(LocalDate), 2026-09-24(LocalDate)
<==    Columns: order_id
<==    Columns: order_id
<==        Row: 6
<==        Row: 6
<==    Columns: id, dict_type, dict_name, status, del_flag, create_by, create_time, update_by, update_time
<==        Row: 7
<==        Row: 7
<==        Row: 8
<==        Row: 1, style_kuangzhongkuang, 框中框系列, 1, 0, 1, 2026-09-13 21:32:28, 1, 2026-09-13 21:32:28
<==        Row: 9
<==        Row: 8
<==        Row: 10
<==        Row: 2, style_sanjie, 三节系列, 1, 0, 1, 2026-09-13 21:32:28, 1, 2026-09-13 21:32:28
<==      Total: 5
<==        Row: 9
Closing non transactional SqlSession [org.apache.ibatis.session.defaults.DefaultSqlSession@2c30d9d7]
<==        Row: 3, style_8k_sanjie, 8K三节系列, 1, 0, 1, 2026-09-13 21:32:28, 1, 2026-09-13 21:32:28
Creating a new SqlSession
<==        Row: 10
SqlSession [org.apache.ibatis.session.defaults.DefaultSqlSession@39efad0e] was not registered for synchronization because synchronization is not active
<==        Row: 4, style_8k_chaixi, 8K拆洗系列, 1, 0, 1, 2026-09-13 21:32:28, 1, 2026-09-13 21:32:28
<==      Total: 5
<==      Total: 4
Closing non transactional SqlSession [org.apache.ibatis.session.defaults.DefaultSqlSession@d8c5041]
Closing non transactional SqlSession [org.apache.ibatis.session.defaults.DefaultSqlSession@6a51b0ed]
Creating a new SqlSession
Creating a new SqlSession
JDBC Connection [HikariProxyConnection@322647429 wrapping com.mysql.cj.jdbc.ConnectionImpl@537702e9] will not be managed by Spring
SqlSession [org.apache.ibatis.session.defaults.DefaultSqlSession@2ece45cf] was not registered for synchronization because synchronization is not active
SqlSession [org.apache.ibatis.session.defaults.DefaultSqlSession@6d08c7b9] was not registered for synchronization because synchronization is not active
==>  Preparing: SELECT COUNT(*) AS total FROM t_sales_order_item WHERE (order_id IN (?, ?, ?, ?, ?))
JDBC Connection [HikariProxyConnection@48864257 wrapping com.mysql.cj.jdbc.ConnectionImpl@2d93ff50] will not be managed by Spring
==> Parameters: 6(Long), 7(Long), 8(Long), 9(Long), 10(Long)
JDBC Connection [HikariProxyConnection@1241468451 wrapping com.mysql.cj.jdbc.ConnectionImpl@3018ec8] will not be managed by Spring
==>  Preparing: SELECT IFNULL(SUM(num),0) AS total_num,IFNULL(SUM(item_total_area),0) AS total_area,IFNULL(SUM(line_amount),0) AS total_amount,IFNULL(SUM(freight),0) AS total_freight,COUNT(*) AS total_rows FROM t_sales_order_item WHERE (order_id IN (?,?,?,?,?))
==>  Preparing: SELECT id,dict_type,dict_label,dict_value,sort,status,del_flag,create_by,create_time,update_by,update_time FROM sys_dict_data WHERE del_flag=0 AND (dict_type IN (?,?,?,?) AND (status IS NULL OR status = ?)) ORDER BY dict_type ASC,sort ASC
==> Parameters: 6(Long), 7(Long), 8(Long), 9(Long), 10(Long)
==> Parameters: style_8k_chaixi(String), style_sanjie(String), style_kuangzhongkuang(String), style_8k_sanjie(String), 1(Integer)
<==    Columns: total
<==        Row: 7
<==    Columns: total_num, total_area, total_amount, total_freight, total_rows
<==    Columns: id, dict_type, dict_label, dict_value, sort, status, del_flag, create_by, create_time, update_by, update_time
<==      Total: 1
<==        Row: 1, style_8k_sanjie, 8K大料三节, 1, 1, 1, 0, 1, 2026-09-13 21:33:33, 1, 2026-09-13 21:33:33
<==        Row: 13, 4803.7360, 461447.23, 0.00, 7
<==        Row: 2, style_8k_sanjie, 8K极窄三节, 2, 2, 1, 0, 1, 2026-09-13 21:33:33, 1, 2026-09-13 21:33:33
==>  Preparing: SELECT item_id,order_id,sub_order_no,product_id,product_name,product_type,item_category,dict_type,color,net_material,handle,lock_set,handle_direction,add_rod,fixed_bottom,square_board,material,open_direction,unit_price,width,height,deduct_width,net_width,single_area,min_area,calc_type,charge_area,num,unit,item_total_area,line_amount,item_status,sale_price_type,freight,receive_amount,profit_amount,sales_owner,process_code,process_name,flow_status,produce_progress,work_order_id,remark FROM t_sales_order_item WHERE (order_id IN (?,?,?,?,?)) ORDER BY order_id DESC,item_id ASC LIMIT ?
<==        Row: 3, style_8k_sanjie, 8K极窄两节, 3, 3, 1, 0, 1, 2026-09-13 21:33:33, 1, 2026-09-13 21:33:33
<==      Total: 1
<==        Row: 4, style_8k_sanjie, 8K极窄三节小窗口, 4, 4, 1, 0, 1, 2026-09-13 21:33:33, 1, 2026-09-13 21:33:33
==> Parameters: 6(Long), 7(Long), 8(Long), 9(Long), 10(Long), 20(Long)
<==        Row: 5, style_8k_sanjie, 8K极窄三节-全防护, 5, 5, 1, 0, 1, 2026-09-13 21:33:33, 1, 2026-09-13 21:33:33
Closing non transactional SqlSession [org.apache.ibatis.session.defaults.DefaultSqlSession@6d08c7b9]
<==        Row: 6, style_8k_sanjie, 8K极窄两节不要下边框, 6, 6, 1, 0, 1, 2026-09-13 21:33:33, 1, 2026-09-13 21:33:33
Creating a new SqlSession
<==        Row: 7, style_8k_sanjie, 8K极窄四节-4节纱, 7, 7, 1, 0, 1, 2026-09-13 21:33:33, 1, 2026-09-13 21:33:33
<==    Columns: item_id, order_id, sub_order_no, product_id, product_name, product_type, item_category, dict_type, color, net_material, handle, lock_set, handle_direction, add_rod, fixed_bottom, square_board, material, open_direction, unit_price, width, height, deduct_width, net_width, single_area, min_area, calc_type, charge_area, num, unit, item_total_area, line_amount, item_status, sale_price_type, freight, receive_amount, profit_amount, sales_owner, process_code, process_name, flow_status, produce_progress, work_order_id, remark
SqlSession [org.apache.ibatis.session.defaults.DefaultSqlSession@6f7cdd19] was not registered for synchronization because synchronization is not active
<==        Row: 16, 10, SO20260924001-01, null, 8K极窄三节-全防护, 8K三节系列, 8K三节系列, style_8k_sanjie, 1, 1, 1, 1, 1, 1, 1, 1, 1, 1, 10000.00, 1.00, 1.00, 0.00, 1.00, 0.0000, 0.0000, 1, 0.0000, 1, 套, 0.0000, 0.00, 1, 1, 0.00, 0.00, 0.00, , null, null, null, 0, null, 
<==        Row: 8, style_8k_sanjie, 8K极窄两节-全防护, 8, 8, 1, 0, 1, 2026-09-13 21:33:33, 1, 2026-09-13 21:33:33
JDBC Connection [HikariProxyConnection@1147337280 wrapping com.mysql.cj.jdbc.ConnectionImpl@2d93ff50] will not be managed by Spring
<==        Row: 9, style_8k_sanjie, 8K极窄三节小缺口, 9, 9, 1, 0, 1, 2026-09-13 21:33:33, 1, 2026-09-13 21:33:33
<==        Row: 15, 9, SO20260922002-01, null, 8K极窄四节-4节纱, 8K三节系列, 8K三节系列, style_8k_sanjie, 无, 无, 无, 无, 无, 无, 无, 无, 无, 无, 96.00, 60000.00, 80000.00, 0.00, 60000.00, 4800.0000, 0.0000, 1, 4800.0000, 1, 套, 4800.0000, 460800.00, 2, 1, 0.00, 0.00, 0.00, , null, null, null, 0, 4, 
<==        Row: 10, style_8k_sanjie, 8K大料两节, 10, 10, 1, 0, 1, 2026-09-13 21:33:33, 1, 2026-09-14 22:35:47
==>  Preparing: SELECT order_id,order_no,order_status,order_type,customer_id,customer_name,contact,phone,address,order_date,expect_date,total_area,projection_area,big_board_num,product_amount,craft_fee,urgent_fee,freight,discount_amount,total_amount,finance_status,paid_amount,receive_amount,unpaid_amount,profit_amount,gross_profit_rate,sub_order_count,receive_time,audit_by,audit_time,reject_reason,delivery_time,finish_time,cancel_reason,remark,brand,unit,install_type,designer,splitter,salesman,logistics,terminal_address,customer_source,create_by,create_time,update_by,update_time,del_flag FROM t_sales_order WHERE order_id IN ( ? , ? , ? , ? , ? ) AND del_flag=0
<==        Row: 13, style_kuangzhongkuang, 金刚网框中框, 11, 11, 1, 0, 1, 2026-09-14 22:24:21, 1, 2026-09-14 22:35:35
<==        Row: 13, 8, SO20260922001-01, null, 金刚网框中框, 框中框系列, 框中框系列, style_kuangzhongkuang, 红, 纱网, 铁把手, 卡扣, 右, 不加, 无, 无, 金刚, 无, 160.00, 200.00, 600.00, 50.00, 150.00, 0.0900, 0.0000, 1, 0.0900, 1, 套, 0.0900, 14.40, 5, 1, 0.00, 0.00, 0.00, , null, null, null, 100, 3, 
<==        Row: 16, style_kuangzhongkuang, 测试123, 15, 15, 1, 0, 1, 2026-09-17 23:08:41, 1, 2026-09-17 23:08:41
==> Parameters: 6(Long), 7(Long), 8(Long), 9(Long), 10(Long)
<==      Total: 12
<==        Row: 14, 8, SO20260922001-02, null, 8K大料三节, 8K三节系列, 8K三节系列, style_8k_sanjie, 绿, 纱网, 无, 无, 无, 不加, 无, 无, 无, 无, 246.00, 300.00, 800.00, 100.00, 200.00, 0.1600, 0.0000, 1, 0.1600, 1, 套, 0.1600, 39.36, 5, 1, 0.00, 0.00, 0.00, , null, null, null, 100, 3, 
Closing non transactional SqlSession [org.apache.ibatis.session.defaults.DefaultSqlSession@2ece45cf]
<==        Row: 10, 7, SO20260919002-01, null, 8K大料三节, 8K三节系列, 8K三节系列, style_8k_sanjie, 无, 无, 无, 无, 无, 无, 无, 无, 无, 无, 23.60, 200.00, 400.00, 20.00, 180.00, 0.0720, 0.0000, 1, 0.0720, 6, 套, 0.4320, 10.20, 5, 1, 0.00, 0.00, 0.00, , null, null, null, 0, 2, 
<==    Columns: order_id, order_no, order_status, order_type, customer_id, customer_name, contact, phone, address, order_date, expect_date, total_area, projection_area, big_board_num, product_amount, craft_fee, urgent_fee, freight, discount_amount, total_amount, finance_status, paid_amount, receive_amount, unpaid_amount, profit_amount, gross_profit_rate, sub_order_count, receive_time, audit_by, audit_time, reject_reason, delivery_time, finish_time, cancel_reason, remark, brand, unit, install_type, designer, splitter, salesman, logistics, terminal_address, customer_source, create_by, create_time, update_by, update_time, del_flag
<==        Row: 8, 6, SO20260919001-01, null, 8K大料三节, 8K三节系列, 8K三节系列, style_8k_sanjie, 金刚灰, 8K金刚网, 锌合金把手, 月牙锁, 左, 加一根, 下固定50, 5号方板, null, 外开, 168.00, 1210.00, 710.00, 10.00, 1200.00, 0.8520, 0.0000, 1, 0.8520, 2, 套, 1.7040, 286.27, 5, 1, 0.00, 0.00, 120.00, 文员小张, null, null, null, 100, null, 客厅用
<==        Row: 6, SO20260919001, 5, 正常单, 1, 北辰辰玺, 张经理, 13800001111, null, 2026-09-19, 2026-09-30, 3.0540, 12.5000, 3, 583.27, 100.00, 0.00, 80.00, 50.00, 713.27, 3, 300.00, 300.00, 413.27, 180.00, 0.2524, 2, 2026-09-19 10:38:13, 2, 2026-09-19 10:38:12, null, 2026-09-19 10:38:19, 2026-09-19 10:38:19, null, 订单管理模块联调测试单，请勿删除, 固贤, 套, 客户安装, 李设计, 王拆单, 陈业务, 顺丰物流, 长沙市雨花区北辰三角洲 3 栋 1802, 老客户转介绍, 2, 2026-09-19 10:38:12, 2, 2026-09-19 10:38:19, 0
<==        Row: 9, 6, SO20260919001-02, null, 金刚网框中框, 框中框系列, 框中框系列, style_kuangzhongkuang, 香槟金, 不锈钢网, 塑料把手, 按锁, 右, 不加杆, 无, null, null, 内开, 220.00, 900.00, 1500.00, 0.00, 900.00, 1.3500, 0.0000, 1, 1.3500, 1, 套, 1.3500, 297.00, 5, 1, 0.00, 0.00, 60.00, 文员小张, null, null, null, 100, null, 卧室用
<==      Total: 7
<==        Row: 7, SO20260919002, 5, 正常单, 22, 李桌, 登录二维码, 15898405119, null, 2026-09-19, 2026-09-26, 0.4320, 10.0000, 12, 10.20, 0.00, 0.00, 0.00, 0.00, 10.20, 0, 0.00, 0.00, 10.20, 0.00, 0.0000, 1, null, 2, 2026-09-19 11:18:03, null, 2026-09-22 23:41:40, 2026-09-24 13:48:24, null, 测试用, 框中款, 套, 自行安装, 卢工, 刘工, 卢工, 顺丰, 长沙, 抖音, 1, 2026-09-19 11:10:07, 1, 2026-09-24 13:48:24, 0
Closing non transactional SqlSession [org.apache.ibatis.session.defaults.DefaultSqlSession@39efad0e]
<==        Row: 8, SO20260922001, 5, 加急单, 21, 邓劲松, 登录二维码, 17378089633, null, 2026-09-22, 2026-09-30, 0.2500, 0.0000, 0, 53.76, 0.00, 0.00, 0.00, 0.00, 53.76, 2, 53.76, 53.76, 0.00, 0.00, 0.0000, 2, 2026-09-22 23:55:55, 1, 2026-09-22 23:39:26, null, 2026-09-22 23:53:52, 2026-09-22 23:53:52, null, 加急加急, 框中框, 套, 自行安装, 卢工, 卢工, 卢工, 顺丰, 杭州余杭区仓益绿苑, 抖音, 1, 2026-09-22 23:38:06, 1, 2026-09-22 23:55:55, 0
Creating a new SqlSession
<==        Row: 9, SO20260922002, 2, 正常单, 25, 马科斯门窗, 登录二维码, 15986963265, null, 2026-09-22, 2026-09-30, 4800.0000, 0.0000, 0, 460800.00, 0.00, 0.00, 0.00, 0.00, 460800.00, 0, 0.00, 0.00, 460800.00, 0.00, 0.0000, 1, null, 1, 2026-09-22 23:58:32, null, null, null, null, , , 套, 客户安装, , , , 京东, 杭州, , 1, 2026-09-22 23:58:12, 1, 2026-09-22 23:59:03, 0
SqlSession [org.apache.ibatis.session.defaults.DefaultSqlSession@28167804] was not registered for synchronization because synchronization is not active
<==        Row: 10, SO20260924001, 1, 正常单, 17, 彭宇, 登录二维码, 1, null, 2026-09-24, 2026-09-25, 0.0000, 0.0000, 0, 0.00, 0.00, 0.00, 0.00, 0.00, 0.00, 0, 0.00, 0.00, 0.00, 0.00, 0.0000, 1, null, 1, 2026-09-24 14:02:08, null, null, null, null, 1, 1, 套, 客户安装, 1, 1, 1, , 1, , 1, 2026-09-24 14:01:34, 1, 2026-09-24 14:02:08, 0
<==      Total: 5
JDBC Connection [HikariProxyConnection@1649145758 wrapping com.mysql.cj.jdbc.ConnectionImpl@537702e9] will not be managed by Spring
Closing non transactional SqlSession [org.apache.ibatis.session.defaults.DefaultSqlSession@6f7cdd19]
==>  Preparing: SELECT order_id,order_no,order_status,order_type,customer_id,customer_name,contact,phone,address,order_date,expect_date,total_area,projection_area,big_board_num,product_amount,craft_fee,urgent_fee,freight,discount_amount,total_amount,finance_status,paid_amount,receive_amount,unpaid_amount,profit_amount,gross_profit_rate,sub_order_count,receive_time,audit_by,audit_time,reject_reason,delivery_time,finish_time,cancel_reason,remark,brand,unit,install_type,designer,splitter,salesman,logistics,terminal_address,customer_source,create_by,create_time,update_by,update_time,del_flag FROM t_sales_order WHERE order_id IN ( ? , ? , ? , ? , ? ) AND del_flag=0
==> Parameters: 10(Long), 9(Long), 8(Long), 7(Long), 6(Long)
<==    Columns: order_id, order_no, order_status, order_type, customer_id, customer_name, contact, phone, address, order_date, expect_date, total_area, projection_area, big_board_num, product_amount, craft_fee, urgent_fee, freight, discount_amount, total_amount, finance_status, paid_amount, receive_amount, unpaid_amount, profit_amount, gross_profit_rate, sub_order_count, receive_time, audit_by, audit_time, reject_reason, delivery_time, finish_time, cancel_reason, remark, brand, unit, install_type, designer, splitter, salesman, logistics, terminal_address, customer_source, create_by, create_time, update_by, update_time, del_flag
<==        Row: 6, SO20260919001, 5, 正常单, 1, 北辰辰玺, 张经理, 13800001111, null, 2026-09-19, 2026-09-30, 3.0540, 12.5000, 3, 583.27, 100.00, 0.00, 80.00, 50.00, 713.27, 3, 300.00, 300.00, 413.27, 180.00, 0.2524, 2, 2026-09-19 10:38:13, 2, 2026-09-19 10:38:12, null, 2026-09-19 10:38:19, 2026-09-19 10:38:19, null, 订单管理模块联调测试单，请勿删除, 固贤, 套, 客户安装, 李设计, 王拆单, 陈业务, 顺丰物流, 长沙市雨花区北辰三角洲 3 栋 1802, 老客户转介绍, 2, 2026-09-19 10:38:12, 2, 2026-09-19 10:38:19, 0
<==        Row: 7, SO20260919002, 5, 正常单, 22, 李桌, 登录二维码, 15898405119, null, 2026-09-19, 2026-09-26, 0.4320, 10.0000, 12, 10.20, 0.00, 0.00, 0.00, 0.00, 10.20, 0, 0.00, 0.00, 10.20, 0.00, 0.0000, 1, null, 2, 2026-09-19 11:18:03, null, 2026-09-22 23:41:40, 2026-09-24 13:48:24, null, 测试用, 框中款, 套, 自行安装, 卢工, 刘工, 卢工, 顺丰, 长沙, 抖音, 1, 2026-09-19 11:10:07, 1, 2026-09-24 13:48:24, 0
<==        Row: 8, SO20260922001, 5, 加急单, 21, 邓劲松, 登录二维码, 17378089633, null, 2026-09-22, 2026-09-30, 0.2500, 0.0000, 0, 53.76, 0.00, 0.00, 0.00, 0.00, 53.76, 2, 53.76, 53.76, 0.00, 0.00, 0.0000, 2, 2026-09-22 23:55:55, 1, 2026-09-22 23:39:26, null, 2026-09-22 23:53:52, 2026-09-22 23:53:52, null, 加急加急, 框中框, 套, 自行安装, 卢工, 卢工, 卢工, 顺丰, 杭州余杭区仓益绿苑, 抖音, 1, 2026-09-22 23:38:06, 1, 2026-09-22 23:55:55, 0
<==        Row: 9, SO20260922002, 2, 正常单, 25, 马科斯门窗, 登录二维码, 15986963265, null, 2026-09-22, 2026-09-30, 4800.0000, 0.0000, 0, 460800.00, 0.00, 0.00, 0.00, 0.00, 460800.00, 0, 0.00, 0.00, 460800.00, 0.00, 0.0000, 1, null, 1, 2026-09-22 23:58:32, null, null, null, null, , , 套, 客户安装, , , , 京东, 杭州, , 1, 2026-09-22 23:58:12, 1, 2026-09-22 23:59:03, 0
<==        Row: 10, SO20260924001, 1, 正常单, 17, 彭宇, 登录二维码, 1, null, 2026-09-24, 2026-09-25, 0.0000, 0.0000, 0, 0.00, 0.00, 0.00, 0.00, 0.00, 0.00, 0, 0.00, 0.00, 0.00, 0.00, 0.0000, 1, null, 1, 2026-09-24 14:02:08, null, null, null, null, 1, 1, 套, 客户安装, 1, 1, 1, , 1, , 1, 2026-09-24 14:01:34, 1, 2026-09-24 14:02:08, 0
<==      Total: 5
Closing non transactional SqlSession [org.apache.ibatis.session.defaults.DefaultSqlSession@28167804]
Creating a new SqlSession
SqlSession [org.apache.ibatis.session.defaults.DefaultSqlSession@3688ad11] was not registered for synchronization because synchronization is not active
JDBC Connection [HikariProxyConnection@316309670 wrapping com.mysql.cj.jdbc.ConnectionImpl@2d93ff50] will not be managed by Spring
==>  Preparing: SELECT COUNT(*) AS total FROM t_sales_order WHERE del_flag = 0
==> Parameters: 
<==    Columns: total
<==        Row: 5
<==      Total: 1
==>  Preparing: SELECT order_id,order_no,order_status,order_type,customer_id,customer_name,contact,phone,address,order_date,expect_date,total_area,projection_area,big_board_num,product_amount,craft_fee,urgent_fee,freight,discount_amount,total_amount,finance_status,paid_amount,receive_amount,unpaid_amount,profit_amount,gross_profit_rate,sub_order_count,receive_time,audit_by,audit_time,reject_reason,delivery_time,finish_time,cancel_reason,remark,brand,unit,install_type,designer,splitter,salesman,logistics,terminal_address,customer_source,create_by,create_time,update_by,update_time,del_flag FROM t_sales_order WHERE del_flag=0 ORDER BY order_id DESC LIMIT ?
==> Parameters: 10(Long)
<==    Columns: order_id, order_no, order_status, order_type, customer_id, customer_name, contact, phone, address, order_date, expect_date, total_area, projection_area, big_board_num, product_amount, craft_fee, urgent_fee, freight, discount_amount, total_amount, finance_status, paid_amount, receive_amount, unpaid_amount, profit_amount, gross_profit_rate, sub_order_count, receive_time, audit_by, audit_time, reject_reason, delivery_time, finish_time, cancel_reason, remark, brand, unit, install_type, designer, splitter, salesman, logistics, terminal_address, customer_source, create_by, create_time, update_by, update_time, del_flag
<==        Row: 10, SO20260924001, 1, 正常单, 17, 彭宇, 登录二维码, 1, null, 2026-09-24, 2026-09-25, 0.0000, 0.0000, 0, 0.00, 0.00, 0.00, 0.00, 0.00, 0.00, 0, 0.00, 0.00, 0.00, 0.00, 0.0000, 1, null, 1, 2026-09-24 14:02:08, null, null, null, null, 1, 1, 套, 客户安装, 1, 1, 1, , 1, , 1, 2026-09-24 14:01:34, 1, 2026-09-24 14:02:08, 0
<==        Row: 9, SO20260922002, 2, 正常单, 25, 马科斯门窗, 登录二维码, 15986963265, null, 2026-09-22, 2026-09-30, 4800.0000, 0.0000, 0, 460800.00, 0.00, 0.00, 0.00, 0.00, 460800.00, 0, 0.00, 0.00, 460800.00, 0.00, 0.0000, 1, null, 1, 2026-09-22 23:58:32, null, null, null, null, , , 套, 客户安装, , , , 京东, 杭州, , 1, 2026-09-22 23:58:12, 1, 2026-09-22 23:59:03, 0
<==        Row: 8, SO20260922001, 5, 加急单, 21, 邓劲松, 登录二维码, 17378089633, null, 2026-09-22, 2026-09-30, 0.2500, 0.0000, 0, 53.76, 0.00, 0.00, 0.00, 0.00, 53.76, 2, 53.76, 53.76, 0.00, 0.00, 0.0000, 2, 2026-09-22 23:55:55, 1, 2026-09-22 23:39:26, null, 2026-09-22 23:53:52, 2026-09-22 23:53:52, null, 加急加急, 框中框, 套, 自行安装, 卢工, 卢工, 卢工, 顺丰, 杭州余杭区仓益绿苑, 抖音, 1, 2026-09-22 23:38:06, 1, 2026-09-22 23:55:55, 0
<==        Row: 7, SO20260919002, 5, 正常单, 22, 李桌, 登录二维码, 15898405119, null, 2026-09-19, 2026-09-26, 0.4320, 10.0000, 12, 10.20, 0.00, 0.00, 0.00, 0.00, 10.20, 0, 0.00, 0.00, 10.20, 0.00, 0.0000, 1, null, 2, 2026-09-19 11:18:03, null, 2026-09-22 23:41:40, 2026-09-24 13:48:24, null, 测试用, 框中款, 套, 自行安装, 卢工, 刘工, 卢工, 顺丰, 长沙, 抖音, 1, 2026-09-19 11:10:07, 1, 2026-09-24 13:48:24, 0
<==        Row: 6, SO20260919001, 5, 正常单, 1, 北辰辰玺, 张经理, 13800001111, null, 2026-09-19, 2026-09-30, 3.0540, 12.5000, 3, 583.27, 100.00, 0.00, 80.00, 50.00, 713.27, 3, 300.00, 300.00, 413.27, 180.00, 0.2524, 2, 2026-09-19 10:38:13, 2, 2026-09-19 10:38:12, null, 2026-09-19 10:38:19, 2026-09-19 10:38:19, null, 订单管理模块联调测试单，请勿删除, 固贤, 套, 客户安装, 李设计, 王拆单, 陈业务, 顺丰物流, 长沙市雨花区北辰三角洲 3 栋 1802, 老客户转介绍, 2, 2026-09-19 10:38:12, 2, 2026-09-19 10:38:19, 0
<==      Total: 5
Closing non transactional SqlSession [org.apache.ibatis.session.defaults.DefaultSqlSession@3688ad11]
Creating a new SqlSession
SqlSession [org.apache.ibatis.session.defaults.DefaultSqlSession@792c5536] was not registered for synchronization because synchronization is not active
JDBC Connection [HikariProxyConnection@653362375 wrapping com.mysql.cj.jdbc.ConnectionImpl@537702e9] will not be managed by Spring
==>  Preparing: SELECT order_id,order_no,order_status,order_type,customer_id,customer_name,contact,phone,address,order_date,expect_date,total_area,projection_area,big_board_num,product_amount,craft_fee,urgent_fee,freight,discount_amount,total_amount,finance_status,paid_amount,receive_amount,unpaid_amount,profit_amount,gross_profit_rate,sub_order_count,receive_time,audit_by,audit_time,reject_reason,delivery_time,finish_time,cancel_reason,remark,brand,unit,install_type,designer,splitter,salesman,logistics,terminal_address,customer_source,create_by,create_time,update_by,update_time,del_flag FROM t_sales_order WHERE order_id=? AND del_flag=0
==> Parameters: 10(Long)
<==    Columns: order_id, order_no, order_status, order_type, customer_id, customer_name, contact, phone, address, order_date, expect_date, total_area, projection_area, big_board_num, product_amount, craft_fee, urgent_fee, freight, discount_amount, total_amount, finance_status, paid_amount, receive_amount, unpaid_amount, profit_amount, gross_profit_rate, sub_order_count, receive_time, audit_by, audit_time, reject_reason, delivery_time, finish_time, cancel_reason, remark, brand, unit, install_type, designer, splitter, salesman, logistics, terminal_address, customer_source, create_by, create_time, update_by, update_time, del_flag
<==        Row: 10, SO20260924001, 1, 正常单, 17, 彭宇, 登录二维码, 1, null, 2026-09-24, 2026-09-25, 0.0000, 0.0000, 0, 0.00, 0.00, 0.00, 0.00, 0.00, 0.00, 0, 0.00, 0.00, 0.00, 0.00, 0.0000, 1, null, 1, 2026-09-24 14:02:08, null, null, null, null, 1, 1, 套, 客户安装, 1, 1, 1, , 1, , 1, 2026-09-24 14:01:34, 1, 2026-09-24 14:02:08, 0
<==      Total: 1
Closing non transactional SqlSession [org.apache.ibatis.session.defaults.DefaultSqlSession@792c5536]
Creating a new SqlSession
SqlSession [org.apache.ibatis.session.defaults.DefaultSqlSession@1374b363] was not registered for synchronization because synchronization is not active
JDBC Connection [HikariProxyConnection@149606878 wrapping com.mysql.cj.jdbc.ConnectionImpl@537702e9] will not be managed by Spring
==>  Preparing: SELECT item_id,order_id,sub_order_no,product_id,product_name,product_type,item_category,dict_type,color,net_material,handle,lock_set,handle_direction,add_rod,fixed_bottom,square_board,material,open_direction,unit_price,width,height,deduct_width,net_width,single_area,min_area,calc_type,charge_area,num,unit,item_total_area,line_amount,item_status,sale_price_type,freight,receive_amount,profit_amount,sales_owner,process_code,process_name,flow_status,produce_progress,work_order_id,remark FROM t_sales_order_item WHERE (order_id = ?) ORDER BY item_id ASC
==> Parameters: 10(Long)
<==    Columns: item_id, order_id, sub_order_no, product_id, product_name, product_type, item_category, dict_type, color, net_material, handle, lock_set, handle_direction, add_rod, fixed_bottom, square_board, material, open_direction, unit_price, width, height, deduct_width, net_width, single_area, min_area, calc_type, charge_area, num, unit, item_total_area, line_amount, item_status, sale_price_type, freight, receive_amount, profit_amount, sales_owner, process_code, process_name, flow_status, produce_progress, work_order_id, remark
<==        Row: 16, 10, SO20260924001-01, null, 8K极窄三节-全防护, 8K三节系列, 8K三节系列, style_8k_sanjie, 1, 1, 1, 1, 1, 1, 1, 1, 1, 1, 10000.00, 1.00, 1.00, 0.00, 1.00, 0.0000, 0.0000, 1, 0.0000, 1, 套, 0.0000, 0.00, 1, 1, 0.00, 0.00, 0.00, , null, null, null, 0, null, 
<==      Total: 1
Closing non transactional SqlSession [org.apache.ibatis.session.defaults.DefaultSqlSession@1374b363]
Creating a new SqlSession
SqlSession [org.apache.ibatis.session.defaults.DefaultSqlSession@1b4f3576] was not registered for synchronization because synchronization is not active
JDBC Connection [HikariProxyConnection@2147291730 wrapping com.mysql.cj.jdbc.ConnectionImpl@537702e9] will not be managed by Spring
==>  Preparing: SELECT COUNT(*) AS total FROM t_sales_order WHERE del_flag = 0
==> Parameters: 
<==    Columns: total
<==        Row: 5
<==      Total: 1
==>  Preparing: SELECT order_id,order_no,order_status,order_type,customer_id,customer_name,contact,phone,address,order_date,expect_date,total_area,projection_area,big_board_num,product_amount,craft_fee,urgent_fee,freight,discount_amount,total_amount,finance_status,paid_amount,receive_amount,unpaid_amount,profit_amount,gross_profit_rate,sub_order_count,receive_time,audit_by,audit_time,reject_reason,delivery_time,finish_time,cancel_reason,remark,brand,unit,install_type,designer,splitter,salesman,logistics,terminal_address,customer_source,create_by,create_time,update_by,update_time,del_flag FROM t_sales_order WHERE del_flag=0 ORDER BY order_id DESC LIMIT ?
==> Parameters: 10(Long)
<==    Columns: order_id, order_no, order_status, order_type, customer_id, customer_name, contact, phone, address, order_date, expect_date, total_area, projection_area, big_board_num, product_amount, craft_fee, urgent_fee, freight, discount_amount, total_amount, finance_status, paid_amount, receive_amount, unpaid_amount, profit_amount, gross_profit_rate, sub_order_count, receive_time, audit_by, audit_time, reject_reason, delivery_time, finish_time, cancel_reason, remark, brand, unit, install_type, designer, splitter, salesman, logistics, terminal_address, customer_source, create_by, create_time, update_by, update_time, del_flag
<==        Row: 10, SO20260924001, 1, 正常单, 17, 彭宇, 登录二维码, 1, null, 2026-09-24, 2026-09-25, 0.0000, 0.0000, 0, 0.00, 0.00, 0.00, 0.00, 0.00, 0.00, 0, 0.00, 0.00, 0.00, 0.00, 0.0000, 1, null, 1, 2026-09-24 14:02:08, null, null, null, null, 1, 1, 套, 客户安装, 1, 1, 1, , 1, , 1, 2026-09-24 14:01:34, 1, 2026-09-24 14:02:08, 0
<==        Row: 9, SO20260922002, 2, 正常单, 25, 马科斯门窗, 登录二维码, 15986963265, null, 2026-09-22, 2026-09-30, 4800.0000, 0.0000, 0, 460800.00, 0.00, 0.00, 0.00, 0.00, 460800.00, 0, 0.00, 0.00, 460800.00, 0.00, 0.0000, 1, null, 1, 2026-09-22 23:58:32, null, null, null, null, , , 套, 客户安装, , , , 京东, 杭州, , 1, 2026-09-22 23:58:12, 1, 2026-09-22 23:59:03, 0
<==        Row: 8, SO20260922001, 5, 加急单, 21, 邓劲松, 登录二维码, 17378089633, null, 2026-09-22, 2026-09-30, 0.2500, 0.0000, 0, 53.76, 0.00, 0.00, 0.00, 0.00, 53.76, 2, 53.76, 53.76, 0.00, 0.00, 0.0000, 2, 2026-09-22 23:55:55, 1, 2026-09-22 23:39:26, null, 2026-09-22 23:53:52, 2026-09-22 23:53:52, null, 加急加急, 框中框, 套, 自行安装, 卢工, 卢工, 卢工, 顺丰, 杭州余杭区仓益绿苑, 抖音, 1, 2026-09-22 23:38:06, 1, 2026-09-22 23:55:55, 0
<==        Row: 7, SO20260919002, 5, 正常单, 22, 李桌, 登录二维码, 15898405119, null, 2026-09-19, 2026-09-26, 0.4320, 10.0000, 12, 10.20, 0.00, 0.00, 0.00, 0.00, 10.20, 0, 0.00, 0.00, 10.20, 0.00, 0.0000, 1, null, 2, 2026-09-19 11:18:03, null, 2026-09-22 23:41:40, 2026-09-24 13:48:24, null, 测试用, 框中款, 套, 自行安装, 卢工, 刘工, 卢工, 顺丰, 长沙, 抖音, 1, 2026-09-19 11:10:07, 1, 2026-09-24 13:48:24, 0
<==        Row: 6, SO20260919001, 5, 正常单, 1, 北辰辰玺, 张经理, 13800001111, null, 2026-09-19, 2026-09-30, 3.0540, 12.5000, 3, 583.27, 100.00, 0.00, 80.00, 50.00, 713.27, 3, 300.00, 300.00, 413.27, 180.00, 0.2524, 2, 2026-09-19 10:38:13, 2, 2026-09-19 10:38:12, null, 2026-09-19 10:38:19, 2026-09-19 10:38:19, null, 订单管理模块联调测试单，请勿删除, 固贤, 套, 客户安装, 李设计, 王拆单, 陈业务, 顺丰物流, 长沙市雨花区北辰三角洲 3 栋 1802, 老客户转介绍, 2, 2026-09-19 10:38:12, 2, 2026-09-19 10:38:19, 0
<==      Total: 5
Closing non transactional SqlSession [org.apache.ibatis.session.defaults.DefaultSqlSession@1b4f3576]
Creating a new SqlSession
SqlSession [org.apache.ibatis.session.defaults.DefaultSqlSession@5b773ebf] was not registered for synchronization because synchronization is not active
Creating a new SqlSession
Creating a new SqlSession
SqlSession [org.apache.ibatis.session.defaults.DefaultSqlSession@57c6317b] was not registered for synchronization because synchronization is not active
SqlSession [org.apache.ibatis.session.defaults.DefaultSqlSession@575c44e5] was not registered for synchronization because synchronization is not active
JDBC Connection [HikariProxyConnection@688167070 wrapping com.mysql.cj.jdbc.ConnectionImpl@3018ec8] will not be managed by Spring
JDBC Connection [HikariProxyConnection@1840053440 wrapping com.mysql.cj.jdbc.ConnectionImpl@537702e9] will not be managed by Spring
JDBC Connection [HikariProxyConnection@748334119 wrapping com.mysql.cj.jdbc.ConnectionImpl@2d93ff50] will not be managed by Spring
==>  Preparing: SELECT id,dict_type,dict_name,status,del_flag,create_by,create_time,update_by,update_time FROM sys_dict_type WHERE del_flag=0 AND ((dict_type LIKE ? OR dict_type IN (?,?,?,?,?,?,?,?,?,?,?,?,?,?,?)) AND (status IS NULL OR status = ?))
==>  Preparing: SELECT order_id FROM t_sales_order WHERE del_flag=0 AND (order_date >= ? AND order_date <= ?)
==>  Preparing: SELECT order_id FROM t_sales_order WHERE del_flag=0 AND (order_date >= ? AND order_date <= ?)
==> Parameters: 2026-07-24(LocalDate), 2026-09-24(LocalDate)
==> Parameters: style%(String), color(String), net(String), material(String), handle(String), lock(String), handle_direction(String), add_rod(String), fixed_bottom(String), square_board(String), open_direction(String), order_type(String), install_type(String), customer_source(String), logistics(String), unit(String), 1(Integer)
==> Parameters: 2026-07-24(LocalDate), 2026-09-24(LocalDate)
<==    Columns: order_id
<==    Columns: order_id
<==        Row: 6
<==    Columns: id, dict_type, dict_name, status, del_flag, create_by, create_time, update_by, update_time
<==        Row: 7
<==        Row: 6
<==        Row: 8
<==        Row: 1, style_kuangzhongkuang, 框中框系列, 1, 0, 1, 2026-09-13 21:32:28, 1, 2026-09-13 21:32:28
<==        Row: 9
<==        Row: 7
<==        Row: 10
<==        Row: 2, style_sanjie, 三节系列, 1, 0, 1, 2026-09-13 21:32:28, 1, 2026-09-13 21:32:28
<==      Total: 5
<==        Row: 8
Closing non transactional SqlSession [org.apache.ibatis.session.defaults.DefaultSqlSession@57c6317b]
<==        Row: 3, style_8k_sanjie, 8K三节系列, 1, 0, 1, 2026-09-13 21:32:28, 1, 2026-09-13 21:32:28
Creating a new SqlSession
<==        Row: 9
SqlSession [org.apache.ibatis.session.defaults.DefaultSqlSession@3c1256e8] was not registered for synchronization because synchronization is not active
<==        Row: 4, style_8k_chaixi, 8K拆洗系列, 1, 0, 1, 2026-09-13 21:32:28, 1, 2026-09-13 21:32:28
<==        Row: 10
JDBC Connection [HikariProxyConnection@372704363 wrapping com.mysql.cj.jdbc.ConnectionImpl@537702e9] will not be managed by Spring
<==      Total: 4
==>  Preparing: SELECT IFNULL(SUM(num),0) AS total_num,IFNULL(SUM(item_total_area),0) AS total_area,IFNULL(SUM(line_amount),0) AS total_amount,IFNULL(SUM(freight),0) AS total_freight,COUNT(*) AS total_rows FROM t_sales_order_item WHERE (order_id IN (?,?,?,?,?))
<==      Total: 5
==> Parameters: 6(Long), 7(Long), 8(Long), 9(Long), 10(Long)
Closing non transactional SqlSession [org.apache.ibatis.session.defaults.DefaultSqlSession@5b773ebf]
Closing non transactional SqlSession [org.apache.ibatis.session.defaults.DefaultSqlSession@575c44e5]
Creating a new SqlSession
<==    Columns: total_num, total_area, total_amount, total_freight, total_rows
<==        Row: 13, 4803.7360, 461447.23, 0.00, 7
Creating a new SqlSession
<==      Total: 1
SqlSession [org.apache.ibatis.session.defaults.DefaultSqlSession@2ba59118] was not registered for synchronization because synchronization is not active
Closing non transactional SqlSession [org.apache.ibatis.session.defaults.DefaultSqlSession@3c1256e8]
SqlSession [org.apache.ibatis.session.defaults.DefaultSqlSession@725d5968] was not registered for synchronization because synchronization is not active
Creating a new SqlSession
JDBC Connection [HikariProxyConnection@1229312021 wrapping com.mysql.cj.jdbc.ConnectionImpl@3018ec8] will not be managed by Spring
SqlSession [org.apache.ibatis.session.defaults.DefaultSqlSession@2d3f0199] was not registered for synchronization because synchronization is not active
==>  Preparing: SELECT id,dict_type,dict_label,dict_value,sort,status,del_flag,create_by,create_time,update_by,update_time FROM sys_dict_data WHERE del_flag=0 AND (dict_type IN (?,?,?,?) AND (status IS NULL OR status = ?)) ORDER BY dict_type ASC,sort ASC
JDBC Connection [HikariProxyConnection@932772333 wrapping com.mysql.cj.jdbc.ConnectionImpl@537702e9] will not be managed by Spring
==> Parameters: style_8k_chaixi(String), style_sanjie(String), style_kuangzhongkuang(String), style_8k_sanjie(String), 1(Integer)
==>  Preparing: SELECT order_id,order_no,order_status,order_type,customer_id,customer_name,contact,phone,address,order_date,expect_date,total_area,projection_area,big_board_num,product_amount,craft_fee,urgent_fee,freight,discount_amount,total_amount,finance_status,paid_amount,receive_amount,unpaid_amount,profit_amount,gross_profit_rate,sub_order_count,receive_time,audit_by,audit_time,reject_reason,delivery_time,finish_time,cancel_reason,remark,brand,unit,install_type,designer,splitter,salesman,logistics,terminal_address,customer_source,create_by,create_time,update_by,update_time,del_flag FROM t_sales_order WHERE order_id IN ( ? , ? , ? , ? , ? ) AND del_flag=0
JDBC Connection [HikariProxyConnection@1200836778 wrapping com.mysql.cj.jdbc.ConnectionImpl@2d93ff50] will not be managed by Spring
==>  Preparing: SELECT COUNT(*) AS total FROM t_sales_order_item WHERE (order_id IN (?, ?, ?, ?, ?))
==> Parameters: 6(Long), 7(Long), 8(Long), 9(Long), 10(Long)
<==    Columns: id, dict_type, dict_label, dict_value, sort, status, del_flag, create_by, create_time, update_by, update_time
==> Parameters: 6(Long), 7(Long), 8(Long), 9(Long), 10(Long)
<==        Row: 1, style_8k_sanjie, 8K大料三节, 1, 1, 1, 0, 1, 2026-09-13 21:33:33, 1, 2026-09-13 21:33:33
<==    Columns: order_id, order_no, order_status, order_type, customer_id, customer_name, contact, phone, address, order_date, expect_date, total_area, projection_area, big_board_num, product_amount, craft_fee, urgent_fee, freight, discount_amount, total_amount, finance_status, paid_amount, receive_amount, unpaid_amount, profit_amount, gross_profit_rate, sub_order_count, receive_time, audit_by, audit_time, reject_reason, delivery_time, finish_time, cancel_reason, remark, brand, unit, install_type, designer, splitter, salesman, logistics, terminal_address, customer_source, create_by, create_time, update_by, update_time, del_flag
<==        Row: 2, style_8k_sanjie, 8K极窄三节, 2, 2, 1, 0, 1, 2026-09-13 21:33:33, 1, 2026-09-13 21:33:33
<==    Columns: total
<==        Row: 7
<==        Row: 6, SO20260919001, 5, 正常单, 1, 北辰辰玺, 张经理, 13800001111, null, 2026-09-19, 2026-09-30, 3.0540, 12.5000, 3, 583.27, 100.00, 0.00, 80.00, 50.00, 713.27, 3, 300.00, 300.00, 413.27, 180.00, 0.2524, 2, 2026-09-19 10:38:13, 2, 2026-09-19 10:38:12, null, 2026-09-19 10:38:19, 2026-09-19 10:38:19, null, 订单管理模块联调测试单，请勿删除, 固贤, 套, 客户安装, 李设计, 王拆单, 陈业务, 顺丰物流, 长沙市雨花区北辰三角洲 3 栋 1802, 老客户转介绍, 2, 2026-09-19 10:38:12, 2, 2026-09-19 10:38:19, 0
<==      Total: 1
<==        Row: 3, style_8k_sanjie, 8K极窄两节, 3, 3, 1, 0, 1, 2026-09-13 21:33:33, 1, 2026-09-13 21:33:33
==>  Preparing: SELECT item_id,order_id,sub_order_no,product_id,product_name,product_type,item_category,dict_type,color,net_material,handle,lock_set,handle_direction,add_rod,fixed_bottom,square_board,material,open_direction,unit_price,width,height,deduct_width,net_width,single_area,min_area,calc_type,charge_area,num,unit,item_total_area,line_amount,item_status,sale_price_type,freight,receive_amount,profit_amount,sales_owner,process_code,process_name,flow_status,produce_progress,work_order_id,remark FROM t_sales_order_item WHERE (order_id IN (?,?,?,?,?)) ORDER BY order_id DESC,item_id ASC LIMIT ?
<==        Row: 7, SO20260919002, 5, 正常单, 22, 李桌, 登录二维码, 15898405119, null, 2026-09-19, 2026-09-26, 0.4320, 10.0000, 12, 10.20, 0.00, 0.00, 0.00, 0.00, 10.20, 0, 0.00, 0.00, 10.20, 0.00, 0.0000, 1, null, 2, 2026-09-19 11:18:03, null, 2026-09-22 23:41:40, 2026-09-24 13:48:24, null, 测试用, 框中款, 套, 自行安装, 卢工, 刘工, 卢工, 顺丰, 长沙, 抖音, 1, 2026-09-19 11:10:07, 1, 2026-09-24 13:48:24, 0
<==        Row: 4, style_8k_sanjie, 8K极窄三节小窗口, 4, 4, 1, 0, 1, 2026-09-13 21:33:33, 1, 2026-09-13 21:33:33
<==        Row: 8, SO20260922001, 5, 加急单, 21, 邓劲松, 登录二维码, 17378089633, null, 2026-09-22, 2026-09-30, 0.2500, 0.0000, 0, 53.76, 0.00, 0.00, 0.00, 0.00, 53.76, 2, 53.76, 53.76, 0.00, 0.00, 0.0000, 2, 2026-09-22 23:55:55, 1, 2026-09-22 23:39:26, null, 2026-09-22 23:53:52, 2026-09-22 23:53:52, null, 加急加急, 框中框, 套, 自行安装, 卢工, 卢工, 卢工, 顺丰, 杭州余杭区仓益绿苑, 抖音, 1, 2026-09-22 23:38:06, 1, 2026-09-22 23:55:55, 0
==> Parameters: 6(Long), 7(Long), 8(Long), 9(Long), 10(Long), 20(Long)
<==        Row: 5, style_8k_sanjie, 8K极窄三节-全防护, 5, 5, 1, 0, 1, 2026-09-13 21:33:33, 1, 2026-09-13 21:33:33
<==        Row: 9, SO20260922002, 2, 正常单, 25, 马科斯门窗, 登录二维码, 15986963265, null, 2026-09-22, 2026-09-30, 4800.0000, 0.0000, 0, 460800.00, 0.00, 0.00, 0.00, 0.00, 460800.00, 0, 0.00, 0.00, 460800.00, 0.00, 0.0000, 1, null, 1, 2026-09-22 23:58:32, null, null, null, null, , , 套, 客户安装, , , , 京东, 杭州, , 1, 2026-09-22 23:58:12, 1, 2026-09-22 23:59:03, 0
<==        Row: 6, style_8k_sanjie, 8K极窄两节不要下边框, 6, 6, 1, 0, 1, 2026-09-13 21:33:33, 1, 2026-09-13 21:33:33
<==        Row: 10, SO20260924001, 1, 正常单, 17, 彭宇, 登录二维码, 1, null, 2026-09-24, 2026-09-25, 0.0000, 0.0000, 0, 0.00, 0.00, 0.00, 0.00, 0.00, 0.00, 0, 0.00, 0.00, 0.00, 0.00, 0.0000, 1, null, 1, 2026-09-24 14:02:08, null, null, null, null, 1, 1, 套, 客户安装, 1, 1, 1, , 1, , 1, 2026-09-24 14:01:34, 1, 2026-09-24 14:02:08, 0
<==        Row: 7, style_8k_sanjie, 8K极窄四节-4节纱, 7, 7, 1, 0, 1, 2026-09-13 21:33:33, 1, 2026-09-13 21:33:33
<==    Columns: item_id, order_id, sub_order_no, product_id, product_name, product_type, item_category, dict_type, color, net_material, handle, lock_set, handle_direction, add_rod, fixed_bottom, square_board, material, open_direction, unit_price, width, height, deduct_width, net_width, single_area, min_area, calc_type, charge_area, num, unit, item_total_area, line_amount, item_status, sale_price_type, freight, receive_amount, profit_amount, sales_owner, process_code, process_name, flow_status, produce_progress, work_order_id, remark
<==      Total: 5
<==        Row: 16, 10, SO20260924001-01, null, 8K极窄三节-全防护, 8K三节系列, 8K三节系列, style_8k_sanjie, 1, 1, 1, 1, 1, 1, 1, 1, 1, 1, 10000.00, 1.00, 1.00, 0.00, 1.00, 0.0000, 0.0000, 1, 0.0000, 1, 套, 0.0000, 0.00, 1, 1, 0.00, 0.00, 0.00, , null, null, null, 0, null, 
<==        Row: 8, style_8k_sanjie, 8K极窄两节-全防护, 8, 8, 1, 0, 1, 2026-09-13 21:33:33, 1, 2026-09-13 21:33:33
Closing non transactional SqlSession [org.apache.ibatis.session.defaults.DefaultSqlSession@2d3f0199]
<==        Row: 9, style_8k_sanjie, 8K极窄三节小缺口, 9, 9, 1, 0, 1, 2026-09-13 21:33:33, 1, 2026-09-13 21:33:33
<==        Row: 15, 9, SO20260922002-01, null, 8K极窄四节-4节纱, 8K三节系列, 8K三节系列, style_8k_sanjie, 无, 无, 无, 无, 无, 无, 无, 无, 无, 无, 96.00, 60000.00, 80000.00, 0.00, 60000.00, 4800.0000, 0.0000, 1, 4800.0000, 1, 套, 4800.0000, 460800.00, 2, 1, 0.00, 0.00, 0.00, , null, null, null, 0, 4, 
<==        Row: 10, style_8k_sanjie, 8K大料两节, 10, 10, 1, 0, 1, 2026-09-13 21:33:33, 1, 2026-09-14 22:35:47
<==        Row: 13, 8, SO20260922001-01, null, 金刚网框中框, 框中框系列, 框中框系列, style_kuangzhongkuang, 红, 纱网, 铁把手, 卡扣, 右, 不加, 无, 无, 金刚, 无, 160.00, 200.00, 600.00, 50.00, 150.00, 0.0900, 0.0000, 1, 0.0900, 1, 套, 0.0900, 14.40, 5, 1, 0.00, 0.00, 0.00, , null, null, null, 100, 3, 
<==        Row: 13, style_kuangzhongkuang, 金刚网框中框, 11, 11, 1, 0, 1, 2026-09-14 22:24:21, 1, 2026-09-14 22:35:35
<==        Row: 14, 8, SO20260922001-02, null, 8K大料三节, 8K三节系列, 8K三节系列, style_8k_sanjie, 绿, 纱网, 无, 无, 无, 不加, 无, 无, 无, 无, 246.00, 300.00, 800.00, 100.00, 200.00, 0.1600, 0.0000, 1, 0.1600, 1, 套, 0.1600, 39.36, 5, 1, 0.00, 0.00, 0.00, , null, null, null, 100, 3, 
<==        Row: 16, style_kuangzhongkuang, 测试123, 15, 15, 1, 0, 1, 2026-09-17 23:08:41, 1, 2026-09-17 23:08:41
<==        Row: 10, 7, SO20260919002-01, null, 8K大料三节, 8K三节系列, 8K三节系列, style_8k_sanjie, 无, 无, 无, 无, 无, 无, 无, 无, 无, 无, 23.60, 200.00, 400.00, 20.00, 180.00, 0.0720, 0.0000, 1, 0.0720, 6, 套, 0.4320, 10.20, 5, 1, 0.00, 0.00, 0.00, , null, null, null, 0, 2, 
<==      Total: 12
<==        Row: 8, 6, SO20260919001-01, null, 8K大料三节, 8K三节系列, 8K三节系列, style_8k_sanjie, 金刚灰, 8K金刚网, 锌合金把手, 月牙锁, 左, 加一根, 下固定50, 5号方板, null, 外开, 168.00, 1210.00, 710.00, 10.00, 1200.00, 0.8520, 0.0000, 1, 0.8520, 2, 套, 1.7040, 286.27, 5, 1, 0.00, 0.00, 120.00, 文员小张, null, null, null, 100, null, 客厅用
Closing non transactional SqlSession [org.apache.ibatis.session.defaults.DefaultSqlSession@2ba59118]
<==        Row: 9, 6, SO20260919001-02, null, 金刚网框中框, 框中框系列, 框中框系列, style_kuangzhongkuang, 香槟金, 不锈钢网, 塑料把手, 按锁, 右, 不加杆, 无, null, null, 内开, 220.00, 900.00, 1500.00, 0.00, 900.00, 1.3500, 0.0000, 1, 1.3500, 1, 套, 1.3500, 297.00, 5, 1, 0.00, 0.00, 60.00, 文员小张, null, null, null, 100, null, 卧室用
<==      Total: 7
Closing non transactional SqlSession [org.apache.ibatis.session.defaults.DefaultSqlSession@725d5968]
Creating a new SqlSession
SqlSession [org.apache.ibatis.session.defaults.DefaultSqlSession@649b6a65] was not registered for synchronization because synchronization is not active
JDBC Connection [HikariProxyConnection@961568860 wrapping com.mysql.cj.jdbc.ConnectionImpl@2d93ff50] will not be managed by Spring
==>  Preparing: SELECT order_id,order_no,order_status,order_type,customer_id,customer_name,contact,phone,address,order_date,expect_date,total_area,projection_area,big_board_num,product_amount,craft_fee,urgent_fee,freight,discount_amount,total_amount,finance_status,paid_amount,receive_amount,unpaid_amount,profit_amount,gross_profit_rate,sub_order_count,receive_time,audit_by,audit_time,reject_reason,delivery_time,finish_time,cancel_reason,remark,brand,unit,install_type,designer,splitter,salesman,logistics,terminal_address,customer_source,create_by,create_time,update_by,update_time,del_flag FROM t_sales_order WHERE order_id IN ( ? , ? , ? , ? , ? ) AND del_flag=0
==> Parameters: 10(Long), 9(Long), 8(Long), 7(Long), 6(Long)
<==    Columns: order_id, order_no, order_status, order_type, customer_id, customer_name, contact, phone, address, order_date, expect_date, total_area, projection_area, big_board_num, product_amount, craft_fee, urgent_fee, freight, discount_amount, total_amount, finance_status, paid_amount, receive_amount, unpaid_amount, profit_amount, gross_profit_rate, sub_order_count, receive_time, audit_by, audit_time, reject_reason, delivery_time, finish_time, cancel_reason, remark, brand, unit, install_type, designer, splitter, salesman, logistics, terminal_address, customer_source, create_by, create_time, update_by, update_time, del_flag
<==        Row: 6, SO20260919001, 5, 正常单, 1, 北辰辰玺, 张经理, 13800001111, null, 2026-09-19, 2026-09-30, 3.0540, 12.5000, 3, 583.27, 100.00, 0.00, 80.00, 50.00, 713.27, 3, 300.00, 300.00, 413.27, 180.00, 0.2524, 2, 2026-09-19 10:38:13, 2, 2026-09-19 10:38:12, null, 2026-09-19 10:38:19, 2026-09-19 10:38:19, null, 订单管理模块联调测试单，请勿删除, 固贤, 套, 客户安装, 李设计, 王拆单, 陈业务, 顺丰物流, 长沙市雨花区北辰三角洲 3 栋 1802, 老客户转介绍, 2, 2026-09-19 10:38:12, 2, 2026-09-19 10:38:19, 0
<==        Row: 7, SO20260919002, 5, 正常单, 22, 李桌, 登录二维码, 15898405119, null, 2026-09-19, 2026-09-26, 0.4320, 10.0000, 12, 10.20, 0.00, 0.00, 0.00, 0.00, 10.20, 0, 0.00, 0.00, 10.20, 0.00, 0.0000, 1, null, 2, 2026-09-19 11:18:03, null, 2026-09-22 23:41:40, 2026-09-24 13:48:24, null, 测试用, 框中款, 套, 自行安装, 卢工, 刘工, 卢工, 顺丰, 长沙, 抖音, 1, 2026-09-19 11:10:07, 1, 2026-09-24 13:48:24, 0
<==        Row: 8, SO20260922001, 5, 加急单, 21, 邓劲松, 登录二维码, 17378089633, null, 2026-09-22, 2026-09-30, 0.2500, 0.0000, 0, 53.76, 0.00, 0.00, 0.00, 0.00, 53.76, 2, 53.76, 53.76, 0.00, 0.00, 0.0000, 2, 2026-09-22 23:55:55, 1, 2026-09-22 23:39:26, null, 2026-09-22 23:53:52, 2026-09-22 23:53:52, null, 加急加急, 框中框, 套, 自行安装, 卢工, 卢工, 卢工, 顺丰, 杭州余杭区仓益绿苑, 抖音, 1, 2026-09-22 23:38:06, 1, 2026-09-22 23:55:55, 0
<==        Row: 9, SO20260922002, 2, 正常单, 25, 马科斯门窗, 登录二维码, 15986963265, null, 2026-09-22, 2026-09-30, 4800.0000, 0.0000, 0, 460800.00, 0.00, 0.00, 0.00, 0.00, 460800.00, 0, 0.00, 0.00, 460800.00, 0.00, 0.0000, 1, null, 1, 2026-09-22 23:58:32, null, null, null, null, , , 套, 客户安装, , , , 京东, 杭州, , 1, 2026-09-22 23:58:12, 1, 2026-09-22 23:59:03, 0
<==        Row: 10, SO20260924001, 1, 正常单, 17, 彭宇, 登录二维码, 1, null, 2026-09-24, 2026-09-25, 0.0000, 0.0000, 0, 0.00, 0.00, 0.00, 0.00, 0.00, 0.00, 0, 0.00, 0.00, 0.00, 0.00, 0.0000, 1, null, 1, 2026-09-24 14:02:08, null, null, null, null, 1, 1, 套, 客户安装, 1, 1, 1, , 1, , 1, 2026-09-24 14:01:34, 1, 2026-09-24 14:02:08, 0
<==      Total: 5
Closing non transactional SqlSession [org.apache.ibatis.session.defaults.DefaultSqlSession@649b6a65]
Creating a new SqlSession
SqlSession [org.apache.ibatis.session.defaults.DefaultSqlSession@36d0cb03] was not registered for synchronization because synchronization is not active
JDBC Connection [HikariProxyConnection@1940415547 wrapping com.mysql.cj.jdbc.ConnectionImpl@2d93ff50] will not be managed by Spring
==>  Preparing: SELECT COUNT(*) AS total FROM t_sales_order WHERE del_flag = 0
==> Parameters: 
<==    Columns: total
<==        Row: 5
<==      Total: 1
==>  Preparing: SELECT order_id,order_no,order_status,order_type,customer_id,customer_name,contact,phone,address,order_date,expect_date,total_area,projection_area,big_board_num,product_amount,craft_fee,urgent_fee,freight,discount_amount,total_amount,finance_status,paid_amount,receive_amount,unpaid_amount,profit_amount,gross_profit_rate,sub_order_count,receive_time,audit_by,audit_time,reject_reason,delivery_time,finish_time,cancel_reason,remark,brand,unit,install_type,designer,splitter,salesman,logistics,terminal_address,customer_source,create_by,create_time,update_by,update_time,del_flag FROM t_sales_order WHERE del_flag=0 ORDER BY order_id DESC LIMIT ?
==> Parameters: 10(Long)
<==    Columns: order_id, order_no, order_status, order_type, customer_id, customer_name, contact, phone, address, order_date, expect_date, total_area, projection_area, big_board_num, product_amount, craft_fee, urgent_fee, freight, discount_amount, total_amount, finance_status, paid_amount, receive_amount, unpaid_amount, profit_amount, gross_profit_rate, sub_order_count, receive_time, audit_by, audit_time, reject_reason, delivery_time, finish_time, cancel_reason, remark, brand, unit, install_type, designer, splitter, salesman, logistics, terminal_address, customer_source, create_by, create_time, update_by, update_time, del_flag
<==        Row: 10, SO20260924001, 1, 正常单, 17, 彭宇, 登录二维码, 1, null, 2026-09-24, 2026-09-25, 0.0000, 0.0000, 0, 0.00, 0.00, 0.00, 0.00, 0.00, 0.00, 0, 0.00, 0.00, 0.00, 0.00, 0.0000, 1, null, 1, 2026-09-24 14:02:08, null, null, null, null, 1, 1, 套, 客户安装, 1, 1, 1, , 1, , 1, 2026-09-24 14:01:34, 1, 2026-09-24 14:02:08, 0
<==        Row: 9, SO20260922002, 2, 正常单, 25, 马科斯门窗, 登录二维码, 15986963265, null, 2026-09-22, 2026-09-30, 4800.0000, 0.0000, 0, 460800.00, 0.00, 0.00, 0.00, 0.00, 460800.00, 0, 0.00, 0.00, 460800.00, 0.00, 0.0000, 1, null, 1, 2026-09-22 23:58:32, null, null, null, null, , , 套, 客户安装, , , , 京东, 杭州, , 1, 2026-09-22 23:58:12, 1, 2026-09-22 23:59:03, 0
<==        Row: 8, SO20260922001, 5, 加急单, 21, 邓劲松, 登录二维码, 17378089633, null, 2026-09-22, 2026-09-30, 0.2500, 0.0000, 0, 53.76, 0.00, 0.00, 0.00, 0.00, 53.76, 2, 53.76, 53.76, 0.00, 0.00, 0.0000, 2, 2026-09-22 23:55:55, 1, 2026-09-22 23:39:26, null, 2026-09-22 23:53:52, 2026-09-22 23:53:52, null, 加急加急, 框中框, 套, 自行安装, 卢工, 卢工, 卢工, 顺丰, 杭州余杭区仓益绿苑, 抖音, 1, 2026-09-22 23:38:06, 1, 2026-09-22 23:55:55, 0
<==        Row: 7, SO20260919002, 5, 正常单, 22, 李桌, 登录二维码, 15898405119, null, 2026-09-19, 2026-09-26, 0.4320, 10.0000, 12, 10.20, 0.00, 0.00, 0.00, 0.00, 10.20, 0, 0.00, 0.00, 10.20, 0.00, 0.0000, 1, null, 2, 2026-09-19 11:18:03, null, 2026-09-22 23:41:40, 2026-09-24 13:48:24, null, 测试用, 框中款, 套, 自行安装, 卢工, 刘工, 卢工, 顺丰, 长沙, 抖音, 1, 2026-09-19 11:10:07, 1, 2026-09-24 13:48:24, 0
<==        Row: 6, SO20260919001, 5, 正常单, 1, 北辰辰玺, 张经理, 13800001111, null, 2026-09-19, 2026-09-30, 3.0540, 12.5000, 3, 583.27, 100.00, 0.00, 80.00, 50.00, 713.27, 3, 300.00, 300.00, 413.27, 180.00, 0.2524, 2, 2026-09-19 10:38:13, 2, 2026-09-19 10:38:12, null, 2026-09-19 10:38:19, 2026-09-19 10:38:19, null, 订单管理模块联调测试单，请勿删除, 固贤, 套, 客户安装, 李设计, 王拆单, 陈业务, 顺丰物流, 长沙市雨花区北辰三角洲 3 栋 1802, 老客户转介绍, 2, 2026-09-19 10:38:12, 2, 2026-09-19 10:38:19, 0
<==      Total: 5
Closing non transactional SqlSession [org.apache.ibatis.session.defaults.DefaultSqlSession@36d0cb03]
Creating a new SqlSession
SqlSession [org.apache.ibatis.session.defaults.DefaultSqlSession@358af495] was not registered for synchronization because synchronization is not active
JDBC Connection [HikariProxyConnection@1380763286 wrapping com.mysql.cj.jdbc.ConnectionImpl@3018ec8] will not be managed by Spring
==>  Preparing: SELECT order_id,order_no,order_status,order_type,customer_id,customer_name,contact,phone,address,order_date,expect_date,total_area,projection_area,big_board_num,product_amount,craft_fee,urgent_fee,freight,discount_amount,total_amount,finance_status,paid_amount,receive_amount,unpaid_amount,profit_amount,gross_profit_rate,sub_order_count,receive_time,audit_by,audit_time,reject_reason,delivery_time,finish_time,cancel_reason,remark,brand,unit,install_type,designer,splitter,salesman,logistics,terminal_address,customer_source,create_by,create_time,update_by,update_time,del_flag FROM t_sales_order WHERE order_id=? AND del_flag=0
==> Parameters: 10(Long)
<==    Columns: order_id, order_no, order_status, order_type, customer_id, customer_name, contact, phone, address, order_date, expect_date, total_area, projection_area, big_board_num, product_amount, craft_fee, urgent_fee, freight, discount_amount, total_amount, finance_status, paid_amount, receive_amount, unpaid_amount, profit_amount, gross_profit_rate, sub_order_count, receive_time, audit_by, audit_time, reject_reason, delivery_time, finish_time, cancel_reason, remark, brand, unit, install_type, designer, splitter, salesman, logistics, terminal_address, customer_source, create_by, create_time, update_by, update_time, del_flag
<==        Row: 10, SO20260924001, 1, 正常单, 17, 彭宇, 登录二维码, 1, null, 2026-09-24, 2026-09-25, 0.0000, 0.0000, 0, 0.00, 0.00, 0.00, 0.00, 0.00, 0.00, 0, 0.00, 0.00, 0.00, 0.00, 0.0000, 1, null, 1, 2026-09-24 14:02:08, null, null, null, null, 1, 1, 套, 客户安装, 1, 1, 1, , 1, , 1, 2026-09-24 14:01:34, 1, 2026-09-24 14:02:08, 0
<==      Total: 1
Closing non transactional SqlSession [org.apache.ibatis.session.defaults.DefaultSqlSession@358af495]
Creating a new SqlSession
SqlSession [org.apache.ibatis.session.defaults.DefaultSqlSession@11c012f2] was not registered for synchronization because synchronization is not active
JDBC Connection [HikariProxyConnection@1930191363 wrapping com.mysql.cj.jdbc.ConnectionImpl@3018ec8] will not be managed by Spring
==>  Preparing: SELECT item_id,order_id,sub_order_no,product_id,product_name,product_type,item_category,dict_type,color,net_material,handle,lock_set,handle_direction,add_rod,fixed_bottom,square_board,material,open_direction,unit_price,width,height,deduct_width,net_width,single_area,min_area,calc_type,charge_area,num,unit,item_total_area,line_amount,item_status,sale_price_type,freight,receive_amount,profit_amount,sales_owner,process_code,process_name,flow_status,produce_progress,work_order_id,remark FROM t_sales_order_item WHERE (order_id = ?) ORDER BY item_id ASC
==> Parameters: 10(Long)
<==    Columns: item_id, order_id, sub_order_no, product_id, product_name, product_type, item_category, dict_type, color, net_material, handle, lock_set, handle_direction, add_rod, fixed_bottom, square_board, material, open_direction, unit_price, width, height, deduct_width, net_width, single_area, min_area, calc_type, charge_area, num, unit, item_total_area, line_amount, item_status, sale_price_type, freight, receive_amount, profit_amount, sales_owner, process_code, process_name, flow_status, produce_progress, work_order_id, remark
<==        Row: 16, 10, SO20260924001-01, null, 8K极窄三节-全防护, 8K三节系列, 8K三节系列, style_8k_sanjie, 1, 1, 1, 1, 1, 1, 1, 1, 1, 1, 10000.00, 1.00, 1.00, 0.00, 1.00, 0.0000, 0.0000, 1, 0.0000, 1, 套, 0.0000, 0.00, 1, 1, 0.00, 0.00, 0.00, , null, null, null, 0, null, 
<==      Total: 1
Closing non transactional SqlSession [org.apache.ibatis.session.defaults.DefaultSqlSession@11c012f2]
